"","text_id","sdg"
"1","00e8055990de08329be9094779c9a647",1
"2","019c48034c68914bcff8b50339a91ced",1
"3","024fbfe797ad47453c67dbfab2211c19",1
"4","0ab3309ee632d1a05cf70cfdb2650c23",1
"5","0ad121123a1a4d3051e4c61ffaf28fca",1
"6","0e0417524874276c333f6c90f4bbd09c",1
"7","0e6beb562967b9cb5464eed927a0ced7",1
"8","14e2073abb63d25f8cd763dbe670c3a8",1
"9","16974ee71ed334f02a1fd8d3b76613a5",1
"10","1789f6d06cb5e29a8f5941abde1bc6cc",1
"11","179f5e93823260060cb8ea73d49bb18f",1
"12","192e45956d3844237e0d96051a17baf9",1
"13","1954bbff98c784ec56925f7e6e2bca10",1
"14","19c1909ddb97d947a21b358a4ea354e9",1
"15","1a28a23025f08d6a19019c83c4f328c5",1
"16","1c0f21887df0116ca1b67aa3d8f51f24",1
"17","1d2be08d15053dc526c7e7f81c1814b1",1
"18","207af37d322e7332acdda072b3fe07b8",1
"19","220bacc253a71239fd23c3e38b1536d5",1
"20","23ff71bd86cc0ff115e9b1be5a39a5e8",1
"21","2405c6c315705a26b7d575132e5bfe57",1
"22","2564e3dc2373f7725c7f0cdd113937a2",1
"23","25bc4d804102df415af172e156812572",1
"24","270570d69b9a3dc096819d641b83a7ab",1
"25","2aca66bc4e9ec5786ad601adcda48ba7",1
"26","2d129daebd4a9c2d302351e88fc478fa",1
"27","309a7ed8fb433468841c9af6a5153981",1
"28","337abea2e804fb00586d212f2f400539",1
"29","37f2174ec89f9c073a0b42bda64b2ace",1
"30","3bf6c98fffe7ede5afe0dd7f9cdb3b68",1
"31","3cc237808571be77d22403ae313de522",1
"32","3d473f024326ad8ea7d724717e942917",1
"33","4bc13d7d4ec8f0f38d482a5ac06fe757",1
"34","4e3476ab20dba2595e704e18de85f420",1
"35","59cda4203d9918fe592951702141ee2a",1
"36","5cdc0ee52c091af398aa06b882e562e1",1
"37","5d2bf7f48bfa6d8d2976577447eefbd5",1
"38","665813c141348f6ac11bb0650b0538bb",1
"39","672f43efbcf0e458ebd84df6b0f493b5",1
"40","688dcc088da92d5652dfaadc1a79527e",1
"41","68d66bb4f84b270558b25c49f19b41eb",1
"42","6a5af006f75170a2b7819be58a208e63",1
"43","6c001d3a1272c3ba6e38e95e53040bcf",1
"44","71c0af98b8216ec275a8393e4a854e7f",1
"45","72a452d93bcd12adcbbceb08437c08dc",1
"46","7539360173498115cc0ea3491cb842a7",1
"47","76ccb0eaf9be41638dc1a61eac66821b",1
"48","792f6e4130fd024141d8d5469ab22515",1
"49","79d99b9eb657a42ace64a2dc3f7b12a7",1
"50","7d0a12b8920ed5907cc360342a8e083c",1
"51","84e07706805f80cfc90d5d1693711c70",1
"52","84e25735d6f86d9a7793aa66604b4811",1
"53","8e8b888fb1d18dc3b3e895c4e0f35bb8",1
"54","9229adede2dfdb21479661ccefc045a6",1
"55","973a6415bb75521a0add392f441a4cc1",1
"56","9d67ccf668e51d50571e9fbaa0371671",1
"57","a0dfefb2ac583d2cc6811959e6c7cbcc",1
"58","a1e8f9eb8017ddae178f0e5fe3daecce",1
"59","a332c0610efeb53ca0332b114988ebf5",1
"60","a62aeaec857f6aae35cd482f65472f90",1
"61","a6da75c3b8b93a0147c1c08cb04a25d0",1
"62","a8db59d57a2008bba8da65220d6a7195",1
"63","a99f527978e3e5f5ba200375b6bc299e",1
"64","aa37d9eb7eee77657e8bcefb63fde2fc",1
"65","ab205eab935330ab0765d3488f4401f5",1
"66","aba8aab1cd6cd34900c2baf7dd453a9c",1
"67","aea1ca9db48210eaaac7f4766abc83ea",1
"68","b383a9976f7643e96b05ff7f207c1ff0",1
"69","b91ff29bf9d09fd26d5d7848be67f6b9",1
"70","bf822b21b3f459fbb364d4a2a2c68448",1
"71","c1d98ececc9f11e751a368481e013ff5",1
"72","c35131b76312220e215b226ca6162e0b",1
"73","c39ae8c69efcaa79b4c6d0930c34098d",1
"74","c976294d27622ff747fe36b28fb95cb9",1
"75","ca5354239685a06ecd25c783fac3ae38",1
"76","cb3a204ccf4966a35a7bde900d0825f0",1
"77","cbcf7f0bf6893461e8dc6b145f3d55d4",1
"78","ccc75c81fa27bb7f1b3e268a617a89a8",1
"79","cda785142bb65de2846a728c87e18d80",1
"80","cef83cbff4c0698da1cf48ca72ffd852",1
"81","d29a9065dd309a3811c7bbe2886ddbe6",1
"82","d32379724cbda07318cf80a2963c712a",1
"83","d69606bfe08167db581fd5ed1bfc9f08",1
"84","d90aa94da60f11492c6e6b995a5f4f0e",1
"85","d923815467dc27aa0eb94c179eece181",1
"86","d9ed7046273240de0e8ab07479bcbf2d",1
"87","da473f1e458a71cb15edd7ddd3b00b99",1
"88","da7fab1e23cb3e0f0f98af5d57e44edb",1
"89","daad8a68fc5357535a9aaefc0dc1856b",1
"90","db65d07cab9c3543543f1dad81b818c1",1
"91","e6612305f831504cd8297e270b584815",1
"92","e7f902455f9ea422343ad12277ec0b15",1
"93","f06121701afe5ec59c88be55e86f17c1",1
"94","f73cae40216ae8cdad1333d4b79a05b4",1
"95","fae8d854009d8fa36c8f5d087c7dfc67",1
"96","fbc9bb185d0b392b50b339c26d1798af",1
"97","fc621d24f9f0168b025ababc25236a68",1
"98","fce08dddf33371436927c7eb6933e675",1
"99","fd92b8b335369babaa227a6be09b0e8d",1
"100","fe3884f249f1c1bcae94fedba2570026",1
"101","035b2faad544481608e939c50a4c17a7",2
"102","047d87c36e5f931abfb4aee240b76201",2
"103","0b0a4b7011c0f63bc9fe3bd6504045d7",2
"104","0ee0317138c7295870abbc2ff212c646",2
"105","1364d9e1dc5c0522a8d1bd9a635e572d",2
"106","14b473f240287c63e6c18c9f2a55166d",2
"107","1641e7eb2c04fe59dbc2bed76c50e411",2
"108","1688a4ccaea4dc95b7e0e7edce89a25c",2
"109","1a0f836c1335da69e8531cd2cad1e33b",2
"110","1bf623143e7014fc9dd682a2ef7a6c2c",2
"111","1e1ff85737474f25d41d65e9303eda49",2
"112","2186a2325cf67acf84393267d9a262cc",2
"113","22c1cc286270792f8f3a792183675d90",2
"114","2532065ecd054ca65ed9d5102de8d99a",2
"115","2582a95f09dc086ac1badbd56600f31c",2
"116","25d2802def4244bd8884a30eccad3de6",2
"117","2662c39786dae46250a758b1ba81ca25",2
"118","27fb4d1c05312bddb8ada4d17838a28e",2
"119","29b14c84a982842d81c0feb3200090e8",2
"120","316b127338438827457845f021ab60d8",2
"121","31b6cccd55e2670d4100d7f334e38649",2
"122","31f16babe517b5d3e4eb4cf6364b9df7",2
"123","36590da7881cc60021cd712b2fba6988",2
"124","369a87ffe3be3c9c1dbb031017deb88a",2
"125","3767ad4e0cbd8df42c933d4249bd30d4",2
"126","3b995cc3ee1388e59def7315594577cc",2
"127","40db1e545f04bda6453355e385ea1055",2
"128","41d828d857412f56a5bf4928d7a8f126",2
"129","42b7c78961c84bd4b4bf3893c0fdc7e7",2
"130","43be08e156654740fbb5d93f102cd3d9",2
"131","4853cc7249bda7f9bce65366b53f0c92",2
"132","4871f573f9b753f20a634b79607c18ac",2
"133","49f3a0536d5bd07600ff64aa74eb63ef",2
"134","4b7d23f7a86b989a624080ef28cde245",2
"135","4bb6e0ac4f0ac4d34b182b12327fd04d",2
"136","4db79a4b49042b4973401f42b39bc9b6",2
"137","4e5237c26875eab28d98e0ca6fc96f61",2
"138","4f0fd447ddc38d58bc9844fb18d549a8",2
"139","54c7301154ef262a901b811b08fcd3c4",2
"140","57a447c3985789b8ee08e321728246c7",2
"141","57ee1e082b8c2af18682919de078d271",2
"142","5b0b347adb68ee42fdbfde3bf72f8005",2
"143","61b42b465822d1bd5543015dcc685da0",2
"144","6305058af4c55556854ca984afc4812d",2
"145","6379115dde7df3fd24608d79ab0e9a29",2
"146","692387a34679ddb65d039ad1fc5d6216",2
"147","693afa9766622b26743f99a0225ec336",2
"148","6a69c5a3e6d118cb79e5d5bb811695c7",2
"149","6fa559ff717231c96cf32dd8e6e4f211",2
"150","7375674a23df762040d9e4eed874a203",2
"151","749c36f91e7f696ac054ad66b523be6e",2
"152","76efd4b112735038717ec3bcd74c2218",2
"153","774bc5166c7efd955aad2e49348148b8",2
"154","77aae1fc4166a4efc221b58a438339c4",2
"155","7c923bd8278e7321843a529e03020eae",2
"156","81fea12d7e25606f984f70ecd9b6c967",2
"157","84f032619a01d1494cb406973276d986",2
"158","8d30df693e7c3fab3f39eeb811294062",2
"159","8f465586d7975b49d38988535499324d",2
"160","90b5b307caf0f13324b25adaec02133b",2
"161","929c03e802296b5d0c1f7e0ba7653a6f",2
"162","951e6ab5b89e7d7608cd0e328990577d",2
"163","9628e25b6601176ef6f0d49f09bc913e",2
"164","a09de162ef33c868b943d5a8fa2343b3",2
"165","a09de162ef33c868b943d5a8fa2343b3",2
"166","a50199e9d1481614a8ec3f1a6cc6e024",2
"167","a6a2b36395affc1ae47335bc6fff0084",2
"168","a7c3ee7de4571070751b03e661403dbc",2
"169","aea6df3ac9fcbdba5e65c0245acf62ce",2
"170","af4f4fa9b3bc584a3d7efa2ab4b40ff9",2
"171","b0008351bea190d6821209f422ff37b3",2
"172","bb5b864dcde19e1998e19f292cd99883",2
"173","bf8482b7a0cdb611a351547eb4c40774",2
"174","c231ac8c60464cddf6d52e4cde2be973",2
"175","c83adb1f8a57acc122a4a4944466a3d1",2
"176","ca4bdfd976b99a24b155471befc072e8",2
"177","cb38c226212df16bef2e71250c097c15",2
"178","cc7c8ddf589e45f25107964d4abcd68d",2
"179","cf4918c28035c47bd1e98be93c7ca349",2
"180","d684a38c613e4fb04288830791241425",2
"181","dd69cab687fad63a122b11025ea9b69d",2
"182","deffd5c9a8491d5003383c054b191157",2
"183","e1ac8d518cefb597bc5681da901074c1",2
"184","e20deb68aff05f36aba8681675b31a51",2
"185","e55b1921e81e682737e0ff171ece0eb6",2
"186","e72f5ec6d9c77829b70282d2aec81af8",2
"187","eb3879fb41704a71e0f27028587a8106",2
"188","ed734b54a62ee1b417b8227e3545e68f",2
"189","eefdfe05370819034d448c939faa2107",2
"190","efa73eeb7460b655e6c934c053221c09",2
"191","f0fcfbe4aeb7463ebf8563148793d827",2
"192","f1b3b331d543d8400419570bd9e41e68",2
"193","f2003d3f5f0085b9f51edaae31f02313",2
"194","f54d905902a6f8d57ce12177d1fb2856",2
"195","f634804dcae42abe19e97ec75564ac9c",2
"196","f66a2809d8a51e9b7507fe2de3e11b9b",2
"197","f8c5ee200647dd1aa73041663e5373eb",2
"198","fa115abd85283eea6a9af2e3b8f798b1",2
"199","fa46ea53d0894df33d794af97169d261",2
"200","fe5d56c0dd78ec96e422af746a3fb392",2
"201","fef3a280389f177360d6860a671d3a06",2
"202","04a6aad6e6d09a57438dd3745eafc1be",3
"203","0509166a378e9ea4056aeac0c55f86af",3
"204","055bf95eccce28e841fa679b4d4b96a3",3
"205","0818757b20c2aba34010f788c173aae2",3
"206","0dfffdc285002df74fb712fdebb927ef",3
"207","0f9366b4004ef308944c440062b6376f",3
"208","11b113617974d129b1226a71620830ed",3
"209","1762b9d205f3469e49a41f49c5013a96",3
"210","191635998a2148a8f59f5c902bb83ec0",3
"211","19e1022426753fb8b087ffae10e70feb",3
"212","1e5aae0abbef00e7c55949dd2f9e30aa",3
"213","201bac510c7a3df90a04436012f516cc",3
"214","2297fcffb11a75222ac9a742164dfbb9",3
"215","25144b479b48aaf0ad2ae561baf1f6bb",3
"216","2594be51639019434f9b75c1b2c7e36d",3
"217","27359226d58b307f363595a5325d9e17",3
"218","2c3a0cf5a380e1ca9413faf23eb39224",3
"219","2dc93c29c0341c416abdd3dacec7951c",3
"220","2e76fb646edd76c00a4847a4671047c6",3
"221","3126183f6f572087fb8dbd563c51d4ec",3
"222","34032b78babc99f69b819512ac998b94",3
"223","37d3a7e131779b6598e6f6a472941bdf",3
"224","383e52ea026e6c3c2913c9bf5ad71fe6",3
"225","3d427e2a87a5b9d387b04b6e325c0b79",3
"226","43f46bbfc53f64ca5efebffb4191c6d6",3
"227","46e26418eff049f0c6ad854f8357076f",3
"228","492a26099621ba7bc59742bb3df36c28",3
"229","4961cefe210a9cdf59c48c6a5f2702e8",3
"230","4a91d41963b63a4992c4d4e28cd0521e",3
"231","4a956ca08ffc9b6569c8f6ebb33e49d2",3
"232","500039607a65a54539c4ae8fd285d3d9",3
"233","5007402281b2aac7988472f5312cfe2c",3
"234","522801414d5d983e2d78044623b8aadf",3
"235","57dbb68e707113f5509c67a841c5c200",3
"236","587d2c3437cf5dd56dcf301b5246d2ee",3
"237","587d2c3437cf5dd56dcf301b5246d2ee",3
"238","590b02883ca06a684a5663dc5f211d89",3
"239","5ab5cd23b06df400abed3651156c3b04",3
"240","5d5a961bf35a97a59c116d019587b6ac",3
"241","5d84caeb32cd938fb9728d229f83c12d",3
"242","5e747f1f4557460f58f8104755a4ed85",3
"243","67b0fba2e82d93829f1a45f53f89bb64",3
"244","6994d36b1db66d476081b40f7f25b88c",3
"245","6aba6178ad898def449287701e64563b",3
"246","6c23f01adc18f5d93e450dedabe82d66",3
"247","7081109031d2d4ee1d1e668151a51e99",3
"248","71ae45772c45fb798c426929863b7c89",3
"249","730aad79b61a4a4770d3e3adfe2b9d41",3
"250","75a8cd4f8598ffa4ab94743afd4eb851",3
"251","75ffe54da493c0c0386ec743936fcac3",3
"252","778b95ba1e588fba6fa542cc2425111e",3
"253","783db9de8f064c2089f330a8474e61e6",3
"254","78841f543d382b7b532499aade42dfc5",3
"255","8096abdae7c8f76ec776a109282ebb6b",3
"256","8474617730e4cc1ad92f196e3c552a3e",3
"257","86e96b41d2e653f597aba256a028d717",3
"258","86fff0c7f74531f1bdb9ce539d0672c4",3
"259","8725365f7e805a83a9e1b8aab7e5d06a",3
"260","89902b37e4865eddee6b7394576a6cb3",3
"261","8c2a2e034426605b9ee555e9301f044d",3
"262","8d33f0ac65f4da2158c4aef47b19675e",3
"263","8d5f0886f40da1810b2c3ea5aa476ffa",3
"264","8e0977f6159643397afa8567cb04e74e",3
"265","8e9f2a293b1bb1938f1dce0c9e8aa28e",3
"266","8fd1e53c37f9409a14287fe6fe4b8f7f",3
"267","901e1a10e394fb44ef1167c1b53af13f",3
"268","904bd7e3c96163e9ea094b847a283a95",3
"269","9085d47088d62046288ae87a99f44f73",3
"270","90ed4d82633078a038367fd394a195a3",3
"271","92371c1eebca4cc9ec781b75244442c9",3
"272","9492524316a34a058643df66660f094a",3
"273","95d4d6c0bbfe7f746eacfc32d8657875",3
"274","9668512636db4b90aece2bd75026b477",3
"275","973adb6e4e5a155e67ccbe2abcf8bf92",3
"276","980c108f4f30bc1c08d690aa25e15446",3
"277","a289651fad47a0b109478f3a91d16d42",3
"278","a28fc3f92f4ba5a0c61b09bb42be2de4",3
"279","ab42c2db3398b5c427b9253f8f684df1",3
"280","b0b104da2aa520f7b7eb41a835435069",3
"281","b609b8dbf5f43c983ed345a4cc30d91c",3
"282","ba4a89b4db63964d8937cf5dd7c78715",3
"283","c28c988c16b772415abbb85379acefe7",3
"284","c3cf58516f393343d002b942494599ef",3
"285","c51165848ef2be8e0ac1f6ad5ceb186f",3
"286","c6da13d38b11f6333a5c026ec0676a4b",3
"287","c934b96b0d8d4b95bb19b41a007a8720",3
"288","d432cb8d0f06c907a5b2d0fe98c195d8",3
"289","d583d85262add34da1f01b3317ea2bfe",3
"290","d59337065c3d84cec95e39ab1421cf7c",3
"291","da76dbc1be60f146ef3453a084ac31a2",3
"292","df7820d549c803be32b18995f87486ee",3
"293","e0d75a97d79748b9a94e0bc5cfbb71df",3
"294","e3a19d3925110a5204813000179ae9cd",3
"295","e7e6c505dea6a2103744a4c08054cd2e",3
"296","e963dcda6737bc15f870c6a164ebed71",3
"297","ed42d33e3d6a67562f7cc307600bbf43",3
"298","f0eda4e37e3e4d9978a740d35ccf2e4d",3
"299","f9d2c534096ef63acbe7e3be7d3dad6f",3
"300","fa303235fd9670170ebda93a22164323",3
"301","fe86036f445fe7d95f405ff211552fd0",3
"302","ffbf5a5ce6155e74545e036c39de3c93",3
"303","0132b24c2092915f49748f70e3c07424",4
"304","047d2257506769e27eced58a073efcf5",4
"305","05dfd07bd6ff3bbff38b60faa87594f8",4
"306","08316097343988b42866031495b66168",4
"307","09193adb1b3f08e715949d64c8b9e5b7",4
"308","0cec7c4704334788479f3f697c86e406",4
"309","119b3368b29be421c1c3aec66858b34e",4
"310","12cfdc20b92f36337171a19016f180ac",4
"311","139d8e8bd0e14591ef79429e21485116",4
"312","168a4a9b405b098b66acdea2c4c2f82b",4
"313","16a22015a294a0426ccb276aa19b6d4e",4
"314","17a7e2b5d5f0548cc19c4def20237eee",4
"315","17a8bc4757614ce6cfcca9bd0550ba74",4
"316","187a5838076335d6ecfb1910c8d606c6",4
"317","1bbfb4a2e6287262ba5bfa7c5f275fe1",4
"318","1bbfb4a2e6287262ba5bfa7c5f275fe1",4
"319","1fa33c040bbfe8fb5da975fe8d07d349",4
"320","20c9a6237916954705d7690b19e3ec1d",4
"321","227a9e303a8bf6bbcf3ce290f3b18a97",4
"322","2438da4d8de37f60d365023f9e0ceb37",4
"323","26780117244691db60ded53687bec5f9",4
"324","2ab5cc24daae0ce0c8f7d241ca4a11e0",4
"325","2cf17dbba10a7bde3265dc930c4008d6",4
"326","2df6e71771e188035a6cb9624a00b6d2",4
"327","2df872b230a2f384b0507aeae4734238",4
"328","30877dcc4ef5039842890d81feec8065",4
"329","3460530ed94fd7ba9494f62fcbca8e89",4
"330","34d03a9313b24a6a6ae697c6f35e8786",4
"331","3b3752f00296d0efb6e5b87d65c1c7a1",4
"332","3b845e33445dd76df7779c70eca1f3f4",4
"333","3d425c2fa864b8f28ff469edd8e73060",4
"334","3f0a4f0938a3f7d856f0f5b34c25c572",4
"335","401919c9a3282b2b5f92b581d03ffdc5",4
"336","40f692e55596fb743309259bcd463f20",4
"337","442cc743101878d6c278893ccaa8fbc6",4
"338","4717662ae7ffe56578a1760f0fc9c36a",4
"339","4b1fb23adc3b646fdd15ca22834bf426",4
"340","517e0620fea0ed670276f3695fca310b",4
"341","51e946090827f8c9da6166a8665d7bbb",4
"342","54eea53ba9d27f5df51e4f79a5f6b249",4
"343","5613e7d791e078f30fdf94084ac5608e",4
"344","5809dd13bb427048d56ff6455d0ad739",4
"345","5da6fe8724d6dd449bb236968350fe3a",4
"346","60b2305da6a118c72a56db589644d0ea",4
"347","60f73476ebc6060f803927840fce0b6a",4
"348","616f79fa65cf716b061b8871a094b5ab",4
"349","61b855b6d717d4f36dd78b88a837f90e",4
"350","659cc8fca1f7e0f0c520b57f60e8d598",4
"351","65d5241da72635bfa179ea4a60e636ce",4
"352","68a3cf0993f4c001f38cef0051bde89c",4
"353","69b4e48d872a028ec5df61bcd08a935c",4
"354","6f9b1948bcdee49bb253227f5850a913",4
"355","71e431bb5d21a59c77593674b48ed4b4",4
"356","76d71a35e73e7d5064ed108627f4fd9f",4
"357","78bf8e462c13a2b8afdd34bb93efda98",4
"358","78ef0c8f22d4c02c0066e6aa383ec1f7",4
"359","7a7653138e0af0a0541e322fff9b1853",4
"360","7dd31831353b1c24035678f08f1d535a",4
"361","876758eb9e474126fab84995836a0d0a",4
"362","8c72d3a3889b12c2d5fd50edbf6cd35d",4
"363","8efa7e2a4524dfd46929733751235b7e",4
"364","8f35f99eb44be7e1565707735bed9b62",4
"365","8f8eb9fdaec5ccfbda612611fd6d3ead",4
"366","8fd9b2c0f89eef4142adbe2ecf3113a4",4
"367","91acca134615deb7c6e217848df890a0",4
"368","925bdfd4a23b963dc6436717dc863aa7",4
"369","9b820979896a38ac064b94b9983c84fa",4
"370","9de49aed4d6acb3e29f023d8c5ab183d",4
"371","a5a60ffc1c1052946430386c9eae1849",4
"372","aed3ce86b71a3cac3a572df213d26394",4
"373","b0688f0cd5c844f5dae357e111d30d76",4
"374","b2cd278e18c6bc7d090474a7ea1a2df2",4
"375","b3649c4da6ebd658ed0fa6ccf498a97a",4
"376","b43465feaee052bb248fb99315894250",4
"377","b55ca2cc7fd2521fd3270834bbac89a6",4
"378","b761c13c8e61e42822eb840ac5d85949",4
"379","b9000d347bda400ccec0b7b57074fce8",4
"380","b9b04f3806a7a5651200a5bef4d48f88",4
"381","bcee84e364c9f6790ba7bf235ec64880",4
"382","bdff6bf6142bf685416e99c9c9271293",4
"383","be1bf90c01f7cfaf1b085ff13a106bac",4
"384","c6fde3fa5e2254d61168fd1b58c69886",4
"385","ca0d6827e514c36150127f985137e036",4
"386","caa6c4d0841b70e6e176f60ca384a11a",4
"387","cdea746e6bf796781138b2d335948999",4
"388","cf5485bab818052acc7ab0b85370dfef",4
"389","d2341930301aa4aaa458e48814e38359",4
"390","d3671f1bd417fa59487e2e4dc876043e",4
"391","d6e3b325061bc1711329a6c4b6df4ada",4
"392","da759c921a9bc802d7009153b86cf7ce",4
"393","dc3d2c965c783e141780bd542fdfec1c",4
"394","df6406a7b0f5aaa7e0ec0af76799b4f3",4
"395","e19e5d5c2dd4fc614e8173e439b4bfc9",4
"396","e32e9d2dd3a9e269f69749f468eb0ae8",4
"397","e6f49965eb79d78702d3167777d7e067",4
"398","e9cc713a71b4a2430004c22ca9f0df41",4
"399","eb8d75fff1640ad79de56170c92828b9",4
"400","ed84404595980829ea05515bfb826d8d",4
"401","f2005142fab1cf4a97fd541c364b3a81",4
"402","f5c986878cf196b16c0ac968b35eb7a5",4
"403","f957a1ec35627f80d3ec22a979327745",4
"404","0033dadef04b7adbdd14320547f92c95",5
"405","00550a0fe64ba38833102f529118d5be",5
"406","007f06a3cc366285d2d1530065749c62",5
"407","00dd087c250922be90724c77bf6de004",5
"408","00f5ff6cbf35b0736888a769b8e02d49",5
"409","097588fda30192cce1b6fb3efb5a1f66",5
"410","09fc4d592aa2455c6f662a78a77379e1",5
"411","0b177884ae8cc3bcdb52efa3286336a5",5
"412","0bd5c32157352edddc8533212da40462",5
"413","0bdff1a16124338ba120c46cbd9b44cd",5
"414","1212f63edf3c0cc3d070ffe8800ea6d3",5
"415","13bd9f055dab0f9d915f1ab5c8617225",5
"416","15ef01a67332f8f91841d700c1bafbf3",5
"417","1bbfbe8960be36484e2a78c9ace6b313",5
"418","1d739c81852aec6acdf3904d919d0524",5
"419","1e0a700a4aabfbb4408648e08f6daf33",5
"420","244c387f232fa8b0e81f78f3793a63f5",5
"421","259637989620bd5f167fc67894ccc7c9",5
"422","2619f36e9742dfe92717ebfcf7b0250c",5
"423","290cccf721087d8cfd64f720caf883b2",5
"424","291fef8c6e48972332d63f5ab0ffdff2",5
"425","2cc009dd9dffb00802a9ff617a66100d",5
"426","3170e6ccd61878ce07fbc1a0149eba25",5
"427","318fe8fdc7167bdb17eedef9d584aac9",5
"428","32f44f50fcc3f9dfccaa4a22c0e4013f",5
"429","3382aade6de482a469b43b0ac076bdee",5
"430","33f15d8472ee9dac57b488d9ad445543",5
"431","34e246391352524b78302363287313a1",5
"432","3557e13e2d3c31da34ba81b195b13145",5
"433","3f641e23050c65d90672a8290295bb67",5
"434","419163df6dbb548003cfb59af8e8565d",5
"435","46085ee4d03cb4e81ad600c2469e9814",5
"436","4916d8af58848267431dae37fcbf81d0",5
"437","4b3e00eda804bc06de54bf2c37995ede",5
"438","4b810c6f99caddec8b250387b1589964",5
"439","4c1b31c7bec2e84a3ca6802a5c46a8ca",5
"440","4d07e5e027cb0c07a4c1e9f269c70c0d",5
"441","53c49d95e8e01516bc7a3cf10eaee6f9",5
"442","54206b6ebcc7a64bd3916a62d01a2f7d",5
"443","54adceba3c4278906b489527f4097858",5
"444","56bdf2e958ecda277070ad0e78ae42a0",5
"445","5d71c3bd1a3b9b86517b23e200483317",5
"446","5fcdf01bc70595a35bcbd3c03c7d6ed0",5
"447","63068a4c52e7d377dee1d40aed455865",5
"448","64889f77b8ac3876aa12ab72f6e3ea1f",5
"449","650df03322e86b6f089f407ba080b21a",5
"450","65679dcea5d83c2d52fe028007f3f341",5
"451","68bb5eab1e1f88a44ec3334d96430377",5
"452","68cc56f99f7433126251488792ae8b82",5
"453","69954e2fd1e94c64dbb6825f2919bd69",5
"454","6a390516c7b15f3b27739ce3b4337184",5
"455","6c1f5aea016e803275bc8304b47a0147",5
"456","6d49772b7e0bfae5e119cc583570a9d2",5
"457","72bc2099057c5d0da7d38f1cee7f3e77",5
"458","747776de24dc6a898960383ef0997e0b",5
"459","75c1fd7e470a6f66ae0657eb63a63c40",5
"460","772a64e323ae3b9a00ab99cef581966a",5
"461","7d9eea8c9d93b2273037530717ae79ec",5
"462","7f640e6d16c269e5e8b2f71de1be4ae5",5
"463","810c738ee49a6592c53e055950cddf2e",5
"464","8a0c60386ec53a00c7302c3a929f50b3",5
"465","8b8efdd6ae34ef52bbded7d658b5866a",5
"466","8d7dc9b37931f38c5039e8cb2eef2d6f",5
"467","97056e9d8418caf1b9cb18de4249b46a",5
"468","9912d14c0ab6c021c89160b486b1d27d",5
"469","a983e648796057f81f6185b8e43331c3",5
"470","aa2e650903052a45c6c1b6828135bfac",5
"471","aebeb8ff59842b3e252c0a01e1fa88e1",5
"472","afb2f20182972c1ba7041c3f86b05e84",5
"473","b06f04f91816c525adcc20747a5dee7b",5
"474","b1b6995b10ce561b7bfc2333f49aa089",5
"475","b41993950e8ada940f2ce81ffe3a2781",5
"476","b4567b9a5b7330fb9b2f60323c881bb5",5
"477","b543ea0cea2c54404f4f83e1fd619f27",5
"478","b6dee1e7c9523d4f0a3984cad1d2bbc7",5
"479","b7da16da7c29f33f10e1938d32ceb20f",5
"480","ba0b47e69221eb2f34cbe80257d4d636",5
"481","bdc51a5af542282c68a617bd88facd08",5
"482","c220beceff9bca5dfa440eb2842a49f4",5
"483","c63b1ade007787cd8e30feacb3a31f18",5
"484","c668a492db5a964d3b747b541f4eaa0e",5
"485","cc7ff9087fabcdc500e8966e260520e3",5
"486","d0a96662f990a04e6eec02af04738769",5
"487","d6641ebe70f6fbd4981994ea47fc1e99",5
"488","d6ca8e89fd99a81141f2fc79638f5711",5
"489","d86780cec7d02f4c9590e02a42f77295",5
"490","dacdf4451bcdcd917e1f922f2349752f",5
"491","db3642428aed20e21239f80b89d96d02",5
"492","db5fb32cbad0993b82ca58f3da36a8bf",5
"493","e1338993d5cbc255cb6640d43c46fee1",5
"494","e2c0b3bd85978d0798b4069b139c32fe",5
"495","e851c33286390a6e3b9ae4ee35c6f113",5
"496","e95d9b6864d5595d1cd7f4e8dca7d4d2",5
"497","ed20f3ece97567ca70521b9a806d9ba1",5
"498","f040d7270a4160b55f0ba9f8508bfb76",5
"499","f19db2735a2f32ec978a5e1c0961207c",5
"500","f43d0e85dc177042358b28e93e6c51ea",5
"501","f4f48b94110197a2586938f4a9226d0d",5
"502","f81b06bcdbc7a57989e6e445bb53808b",5
"503","f9180ca14ff754bcd98d9ea8e1d7314f",5
"504","00864801b442bb957360e47bfe0575d9",6
"505","04cfff6d435badbef2c5aeda54c01141",6
"506","065f93a6e94aa95444f1515fe801ea0c",6
"507","07186646875f29ddd34fee7b2bad20b7",6
"508","0ce18f9c562d2b0d8a954b2570cbe045",6
"509","16461400a112011039fd13aaf7ee3878",6
"510","17957cb0092746082b3e77c2f60f5518",6
"511","19342223e7f9c869d6b6026fac27fc06",6
"512","19b24785bedfd95c65044687cf41f00b",6
"513","1c27c976c414ed7e28fb172c04d86439",6
"514","1eca910742f0434b93cbfacb51f112f0",6
"515","20cca06403a1cd11e41d31a7dc704f80",6
"516","224dbf31bad9ca93b423335245ff4726",6
"517","22df3b2c7ca1094a5156b960210f4283",6
"518","27e389324f83149986c8ee1761c6d4ce",6
"519","28916a987986025895ff87fffe49fe94",6
"520","293539159874fe17f32fe069c99f9d42",6
"521","2ad883c0994d7465243ccebaacffa9fd",6
"522","2b089c95518b64a19eb99b95f0872983",6
"523","2d245d679656f8b7e1a53aaa3d120c5d",6
"524","2d938086b19a3faab6033c2d7ea3a1bb",6
"525","31de0d3a2c3847458708788524b672b0",6
"526","34172c2768503fc420efddcf0103021c",6
"527","3629cbe6806587fc70434956aebd0c3a",6
"528","38951c3b4c7f6b14ce6a52cf0e6a0358",6
"529","38fab720019cad89a08c5252e6ed7774",6
"530","3aeeaf95317e4dddde83090bdcd30568",6
"531","3c5688b66fee4ec3b7e8619aff64d0dc",6
"532","41eaf94ffcb41fb1c24da74d45da045e",6
"533","4374e1d5e1334d393a5aadc4a14e33b9",6
"534","44225a39c980aebbb67cfa2f08748c74",6
"535","49f169f69ad6dee7534832988c1addd4",6
"536","5147cdb8c7158ecba32965be95434318",6
"537","54f86f9542fbc772baa653ca6bf0f07a",6
"538","55c60103d7e2e1c6ed363d26dc4eadf0",6
"539","5619c4f85caff3c0d9c50dd5650589fa",6
"540","5bd1dd6f11c6aec7cdadbbcac9434026",6
"541","5cf5294408ef796654869a85377622d1",6
"542","5e77b7a91a5f55f88b3481631d87edec",6
"543","61a92834143e5bca6411bd1146846b37",6
"544","652c12625bcb6673391076e477d1693b",6
"545","6c063e75aa8e4892d676c082c10aa7c2",6
"546","6d575d433b69337ce08917e4f3f56c00",6
"547","6febf6ade30f1479377197911276104d",6
"548","70589bbd2329b9f9ab6ddf9f149c36e8",6
"549","70a60926e08ab52d30a91f2a0761156b",6
"550","72ddbab185161bc29cc0a669b8190fb4",6
"551","7746a76464eae8ea7f7ec3154d15dc35",6
"552","78a034e5e7cac24848f833aad415d424",6
"553","79ab4d224c82f2bfb1984d404a5049df",6
"554","7a9487042d8a39f2be26b5b50d5f6b16",6
"555","7d22327b136ce7dd3a9760a183e1d9f0",6
"556","809ebb031a44857dd32ff15b611b6ab9",6
"557","80fd4218bcf7332965547a9961a6b1a6",6
"558","8615f10cabb14e51d7c23e48827e3380",6
"559","8722a6eb8fe8fc03fbc13dc5a7097ff3",6
"560","8dd04597ba512ba94dc6d0f17a9f3eb3",6
"561","8e8b058d2a9ce348b4adad97a96ab038",6
"562","8f71fd7821f9045bb3a7eba465715d0a",6
"563","9804c4cef18dcca814ec4d1e695ae3de",6
"564","99d4eba28f148843d2036f7a23cf7dee",6
"565","9a7cdadf30f254a2a1d8a9922ea5d212",6
"566","9d35607cbfdf2c3f8b93007cfe292aa9",6
"567","9d780eb4d608fe75e993e742cd33ad4b",6
"568","a3a6e761af83aadfb44553aed4db1def",6
"569","a672b4fe42af48f0a703345db8d04626",6
"570","ae0127b863a6f73bea89e607ef148a73",6
"571","b0da37102ff6aed6a761d91dbe6d73d6",6
"572","b48e59c156f18e59d3d4aa5df7749b5e",6
"573","b4b246e120c8ed7ae816f8b4bd3d3d4f",6
"574","b4b85decabf7c989befd4831111d090a",6
"575","b5589a8c8f8b756ba0def2fae7d268aa",6
"576","b5990d00737da469b28751169d72b6f0",6
"577","b59bdaec80528f7627ddabe04ce23c66",6
"578","b6010f622e4a7d8d0cf38ff5fc8dd1eb",6
"579","b64c9c56bc6b8ec642b7a9048563fe6f",6
"580","bc111077debeb960bd0f35a402a342ab",6
"581","c4a4a98d9d74ab0062b48951acca73a7",6
"582","c87e2dd901541e5315a4c845700ee5ac",6
"583","cae6a1b4f3c107681c333bf075f0c09f",6
"584","cc1b7fe84afc8a47db39bdb6db940be9",6
"585","cc4f9d63f277926b95defe57aba142c4",6
"586","d1891dd1d03c8ebdfd2d67a8cfd01471",6
"587","d2eb9f0f554ab2f0677525dbdc30c8fa",6
"588","d359cb9f134eaf9aeb3a0ce32dbe41b8",6
"589","dd75c3b7d41b6066b59ba98391b91cb7",6
"590","df1aa532c8e5ee75a9edc4180034e745",6
"591","e49d2e1bc2447cfef475797fc80f5584",6
"592","e66c44a60b2654e8ad4eb472245e01cc",6
"593","e6deb01712a9e9fb1f9075937685fcf8",6
"594","e7d0caa61cf42540dd0ca8c7340ce76f",6
"595","ea42a24c2cac68bfe035ec4ac399fce6",6
"596","ebc75550971a96e8219ca6a2d91e23d5",6
"597","ef4ae876ece58664e870c413fdb477bd",6
"598","ef53387dd06ba3d66ec8984b832cae34",6
"599","f0bc4b73f16d3b62eb806a04af3d0222",6
"600","f4384c30406c295e57936bf1d18b3bd6",6
"601","f72d147b3500128afee6e9e36da0c7f0",6
"602","fa586ab09dfc2eb6eac06ca7d82d0916",6
"603","fbb38d6491a2a5a0f1eb50f3d54d3b60",6
"604","002f6840660d0e3051543f0ba55c82ca",7
"605","02bac9d17475999b1e8cd569255dca67",7
"606","02bac9d17475999b1e8cd569255dca67",7
"607","03aceee76df8ed0511df92e8262c69c8",7
"608","04922124925495a57473febc0637998d",7
"609","05ad33f26eff857ea273b271a7c648f5",7
"610","05e5041073e7db294006b31a460c46b5",7
"611","07f17e85fc779d9e2b6f72fc7e884546",7
"612","0856c7a172a9fe91126e6e9d82492c9b",7
"613","08f9f7626f2c2baf6922a89d1b569335",7
"614","0934a08badd098559da1fff3aedb86a0",7
"615","09d371f072d386c66ae086329a44aa38",7
"616","0bb74afcdcfc75d8381638bb154c4a29",7
"617","0bc3671b295153b56be5727afdf182de",7
"618","0c0f79ed4ec9a79fca8cc8392ba2c73f",7
"619","0d02b195616490f828e9c7e99e293799",7
"620","0e70884074d0aaff7bcc68c77c674a8b",7
"621","0edfe3b90c82ce644cf8c58342f13172",7
"622","10c26acfd397b509bd035a8bd93401d5",7
"623","138cf928dfb2490a23508d1175375c10",7
"624","1982e8b824ff8e01f7ec3ac363f26441",7
"625","1b8096a8c65472366f9a60f60ec1c43b",7
"626","1b8b3de79df5c5923493cd5050d3ceae",7
"627","1c4e0e93da40bc305d44546ba12ada49",7
"628","1f58c4b1c412bf3dfc7812daa145daa7",7
"629","229d51baaa3e76c88692e28a318c6720",7
"630","23f59c31e9d0ddbb55a5f4b2df177abb",7
"631","2528f76d29c8a44be2769f22b552e9a8",7
"632","29d5da40fe85cc32f02d021b960ce2f8",7
"633","2a4a860f00bf75ceb5044e7061fd399c",7
"634","2a678f26ee1012ffd2f13e781a70ad92",7
"635","2cd4fdfbe38a99441412e37921a2da5d",7
"636","2d9020466b5292b7a7e34b4d706eef80",7
"637","305254be699b0759eb03d5ef6b6c603d",7
"638","30c83a848738f5d86d6bd284107e5232",7
"639","315b83d7468f012ed8030ca35ed55a6c",7
"640","355caa7c220d2fa90e8c0f53f57bf574",7
"641","3b67ed2c408fb9348a08325fa98f3dbe",7
"642","3de3a33b6c50a93b9bf0e13ad8c0d089",7
"643","3f5c7425b73a3628b98b9c9ef3317dde",7
"644","448cfebe196e9aed00270dbd6ed9d3ce",7
"645","46d475ceaa034365791d668459aa60cb",7
"646","4a01cc17157fe6fb3a1155729326dc7f",7
"647","4ab2d07728c9a63879cfc15e268f6aba",7
"648","4c567911242e96a326b0d95605fa3573",7
"649","4cb4009dc0f591e05e2f3e8e69a32234",7
"650","4cf9ebc3e44f6f6fe764d85a6f3abc99",7
"651","51623ee78c26efaa4fbc70e63e7d503a",7
"652","52148c3d2fdb1fb63687cf5e2dbe698c",7
"653","5541a26c0b86bbefdc00ed32a2db20ad",7
"654","5c18bc73a355e3bb2f41f8006c717c65",7
"655","5cbab6e5118d697ee7147b8b0b34ecf1",7
"656","5f74051cc940cc85f3e35bf0c678484f",7
"657","60a148ee953bd6d9349f85d897641289",7
"658","6194ce1da1e7aed5cd5e9929d75f9742",7
"659","62d5095d5d7ac925505de89dc9f446e1",7
"660","644786a2151dab6483b6521e865c0f32",7
"661","66a0af05514ab3e6020cb5da06ec99fd",7
"662","66e3db40126ffb45baee5598c3121304",7
"663","69c3547d0a4dde1fb18ad2e5e8654d0a",7
"664","6aa485324a3569130ee0e8a864026cc3",7
"665","6c094b959f7578c34063732cedc4a7ae",7
"666","6cc45f35957a70dc1f450fbc4ab74b22",7
"667","725de70f6686eefb96c1653b790d6b6a",7
"668","796317916f6feac7e42344508a947fc6",7
"669","7b76b91e09d54abc84b480f0db7f37e8",7
"670","7cf11d73e5bb2de5ea82cb92952a4065",7
"671","85b6a7e4c9eb4f7a2467b2b1b96596cd",7
"672","87e874216f787a9abf3e6bb66f9fb712",7
"673","881afd0ec024eaac99cb05f2a12897f2",7
"674","8852c54a8b7143f8c44fe58eff9c0b84",7
"675","8a3a6ccb763c0d5c97e81708e6e0a40a",7
"676","8d5c4d3906214299799340e13fe6047d",7
"677","90e3f33798e2cfc95c140ef186fb00a9",7
"678","96a7c26e6b1dc4def35ff6ebdbff9d86",7
"679","96e05c536ae4c2f5e574d841bb9a5d41",7
"680","97d9dbfe4eb2a9a7c84995452bf460f9",7
"681","99924b6f7da462bb2dc307cbbd942e1d",7
"682","a5c19681ebb07ae9341468a13396d831",7
"683","ab3c26a36fa747b6fc4899fb49a3dab5",7
"684","ab620f843a27c589f1c827210740acb6",7
"685","ac46c07bfea1873694224ecfd4ca833c",7
"686","b4ff5d93a99f6112f717a546f404b3c4",7
"687","b5fdc51af03856168f0dd458f1c47547",7
"688","b9444ad7737b7622d6c248eff6b124ee",7
"689","baebc2406cec83bb365787cbd8c18104",7
"690","bbae2a4b69f76f38ff7f5668b95ed44e",7
"691","be8a2af1834e66add5d63d32dcf2761e",7
"692","c6c0c3f173e584185fcd6269ca3ff227",7
"693","cb7bc8e45845a3c9f2ff7666fe2eaddd",7
"694","ccafe2a0505dfd1d9932003746ef28d8",7
"695","d8af30adabb56201cb5606f036364f14",7
"696","d974c1ee71b4e0f13b3df4e577c038e4",7
"697","ddd9ab387d2fc7238a7336e01f4480c3",7
"698","e18ef8fe59453b36226b3a625bcc78b6",7
"699","e1bcf5fe2ef14dbec5a8169cb1a36703",7
"700","e45e89c440f096f7dedfee2104c05be1",7
"701","e5b9f53cfda6ec1c21ceadb708f69d48",7
"702","eb2688a4a4cc3e62cf272196046f4f3e",7
"703","f6d5efdef2f9ea14a47527c057a04920",7
"704","f8a730809d29ac515eb7c5e34389c1b6",7
"705","00318d358a0c012f7d22cc91cfc5ab65",8
"706","030d5f61f288404bc82d3a9106e7ae9d",8
"707","04d5aa63e162edb60068f70e6a218df0",8
"708","0ab51b386c517254fac97c5d81f6a17a",8
"709","0b9408bcfcce31690d4527a8af815615",8
"710","0cde87f09ab47803b0cc35b0497a50d6",8
"711","0e822f75a67a049253d6f37d471cd21e",8
"712","10f97ba0ebc1aa3b3cdbad3eeebd9af3",8
"713","12b367a42b926bb2a628783c4b013b32",8
"714","15480549dcb28f3891b2ed47c1b1a8c2",8
"715","16587dd69394c5473c5638236360eb22",8
"716","199188668494aed7d1b78e01d1bb0097",8
"717","1ac056ed22c254cb835015a454f5b359",8
"718","1aff7c615f36a532b9ffca0e2c45b655",8
"719","1bd98670a1d3281b4006674e0e36e402",8
"720","1d2811c85968a7c6a2b056b9cbe04d1d",8
"721","1eb8f57cbc0f3c5efbf6ecb80704e369",8
"722","1f3464de53fc2029469a776c7bdf6787",8
"723","1f64a5cba022521e7f2ece697db488b4",8
"724","24274309f50d0fb2a90cf25ca20f7f8a",8
"725","25911ca0ddc7c5c23f6e6455993643bc",8
"726","2823c7315893445db7f684b8b3d67319",8
"727","2fceff92708c0b6f4104b8082e25a737",8
"728","32b6f5f77f4e502087c070df109239d3",8
"729","38431ba7efcdf732aaa4d6ec535054dd",8
"730","3899bd899382564e073059b53cfc1183",8
"731","38a14701b37191a1236dc67f217872cc",8
"732","39a59e8f9083e888578e96eba2d44f1d",8
"733","3bbba711ce5a3a1441210e8527d193ae",8
"734","4024ea4317dd9589d846a4fb88d68423",8
"735","40ec0d6b63db138b45793d89a691a975",8
"736","4108465598301e37074576a8c5d2e746",8
"737","425826a425166947a2d472957ec774d0",8
"738","4c84f94c7b79d0cb33f2aacf79ab0779",8
"739","50762cb2b7c8d0b98000826c332c40f4",8
"740","51d56e590b8a4431622ec9c98a303516",8
"741","5290acf5bdcc7180e801f5994912d620",8
"742","5338694dabbc4ef634243c37cb24fb6d",8
"743","54ea1a17294068beedbd2b0050a6c3b6",8
"744","58fe33eed0a880dafe2c002db1a681ff",8
"745","5c05f6f3cf09a303171bfba3e3e4be07",8
"746","5d3c7ac8b055f76f57399a9f40c929cf",8
"747","5fbf82649dde260ce32f5f0e6684c40e",8
"748","6514e2ec414dee5c4e735ae7ee853163",8
"749","69b9b9ed677e2a780b473808670fbb03",8
"750","69b9b9ed677e2a780b473808670fbb03",8
"751","6c4062172a1deba762d46991ddae0ac6",8
"752","6d7357321eceb54a94bbd6eaa5ef2fcd",8
"753","75e8092566e48db1537bbf36581750ac",8
"754","76aaab5887c56c3f6d2c97e741eaa1c4",8
"755","78369a424e5022f76239fb52faeca561",8
"756","78f3ebf3e5f7694cd87c11451a733149",8
"757","810bc3a6e3eb8645e93f5ba9f742e3a0",8
"758","8197b49ab42e89f2cb179df344d1e54d",8
"759","81f8351fa76a5ab86e6b49055f025557",8
"760","84bdc7174a9e2949e354a93b486c15d4",8
"761","874bc10fde20e0756f5f4cfaf24c8db0",8
"762","879a07bbae36346e63a564b567a55880",8
"763","8c7dd5a2d1743241f75d244ed39892ab",8
"764","8dbf999b85b45c12a96b9122f3092ceb",8
"765","9e7c2cd092ddc6db227df4349ba76c2f",8
"766","9ee9395745e5fe3f5833113e7ef7cb33",8
"767","a16fd3eb571bfa4eae01a4de150d19ee",8
"768","a1cf7a7f2528d4cff76e4b4998502715",8
"769","a2a1406ca4e1c582fd4b56ba0e361c57",8
"770","a65550c4354fb837b83e7b7efff5f998",8
"771","adb4df3b201490f65aeb45aafbdc8ca7",8
"772","b09a5f74943ea36273379121d4516b4c",8
"773","b12a55fd325e2ea4f89e28f4e0d1034a",8
"774","b5031e53be4d5997576c11ca86133ec5",8
"775","b84d08223323e7afafc5f48d8e17ac0b",8
"776","b891a504421aa53f5f0faa8d9bec1b27",8
"777","b93792a22229288e77161b757828f3f5",8
"778","be9cb61d3d8f89ee5bda2ece2bd52e38",8
"779","bf0a2fd9c30889ecb91814fc294cd77d",8
"780","c58b769ff76ac1b3a1542efc5d687112",8
"781","c8cb91133a135516b76270236ca35601",8
"782","c9708376b78f0cf88395f99c6ecf5f1c",8
"783","cb53b41786f142323863008e58735b71",8
"784","cbc788c78b9886366b0521094a2edf33",8
"785","ceca1a25230442cdf238d3dc258c47b4",8
"786","d3c32872426594d3153da2b2e5e2c5e0",8
"787","d4ca9b3c5310bcc08d6e6e9263fa798b",8
"788","d6be2bc73389f0a8a1848d7015ee1c2d",8
"789","d819bb65d9d289d8876432acaa1195db",8
"790","d93f9d40cdc411ab25e2da1bcb4120ba",8
"791","e07e43fb14f69b6f88c290042b3d58b8",8
"792","e2804f2d25629ff8797c49c0505133e9",8
"793","e2aaf76565083f6a4f0e54209e8ce46d",8
"794","e951ced7d2846fbef85d18a9bd2409f9",8
"795","ea4eb2b359abca16cbf72e813662f74b",8
"796","ef72caccd35744ff833d0880bdbabe4e",8
"797","f3e80fc85cf7b4a468a62ff28ca4efbb",8
"798","f51d3f2361dd6141776af4da82c9c942",8
"799","f550d577560074d0d2f4eb65f39397cc",8
"800","f58f34e665ab2dfd90e6d42a346f9a57",8
"801","f5bc533f22c0d96db907a4faa9509f34",8
"802","f60033c993d8a8e89a912b5da7307e39",8
"803","f93f5e6bf2a33f85a00866d38c5d8eef",8
"804","f9e4d77c718f1e97f7b6ca8f6183b75d",8
"805","ff6e8263918b87f60949c6be4ba8b40a",8
"806","00d8a629c87df45375043cddcdf17d5a",9
"807","01eade64240d9cdbe82425d88f18dc8b",9
"808","074b6b0a6910630d357129b152dabd14",9
"809","081bdfc95dc470d6d54f927d700c320b",9
"810","0880decea47fe86b21e70d4e07bccc9b",9
"811","09683e9e25315f55eccf583ac9732a50",9
"812","09bfed64cb823451848a438cfe759332",9
"813","0b8aa137261ca6a4b6ae1a5f28846e84",9
"814","0c510a5e8441fb60f31d7fe53eeb3709",9
"815","10b32932c4c837ea1d3a2ccc843006f3",9
"816","1612241b27c66e4c5c7e1e2667ea1584",9
"817","1c31bacb0ec35a22ed3af5fff43f82ca",9
"818","1cda1bb92ee7a697dcf019bb6e89eb92",9
"819","1d0bd3fe7e9f9234b5f112aedc86e7bd",9
"820","1eb4d1117f122fa1a652072d1599b630",9
"821","1fd6c576ea36e79edeb35415022ca174",9
"822","21d426c989c0c51ab2164591670407aa",9
"823","21e0fbf4c00b0e464c516d764f1d178f",9
"824","2347398706d4dceeb074fb0c94df17f1",9
"825","27b511b9de036a8aaf257010f337e180",9
"826","2b5cf83ecea586a07e73a9ae15dfd72e",9
"827","2d695d36a6594d60ae4682780b19f24b",9
"828","2ed4ee2a8f03ea2164acfd13050888e5",9
"829","3141431a3a1e6f1a353dbf8ba9bfd0a2",9
"830","3477d91e205b5afcba892330b840e704",9
"831","357480cdf5a83458cf1fdb2797344949",9
"832","362a69966d68d2b5ea7036666fbe7891",9
"833","36d32b3ab585d62268d16f31608994dd",9
"834","38d0d962df5e4303563c512a9c74e85d",9
"835","3a8f2e714f8d1929c608b6a3155d07ff",9
"836","3b97c24b18de80bb2859fb240600e042",9
"837","3f7a0dc76cab45a479b8a7fd663d065a",9
"838","44d5749920b592f90e148a260e5d4fd2",9
"839","47d144a77666d4904b716d11433c79b3",9
"840","4cd4c7eda79265cccc3a5eee321c0a92",9
"841","4d89b053ae33e8e65c966606d60be4fd",9
"842","4fd5aa8d73e97467456d56933f31a32b",9
"843","53a1904c7dbe74bbd49d177a4e8ee14f",9
"844","5654701dcb9a588a82795b51b555774c",9
"845","5740e9afa658171030a10954b97c405c",9
"846","57cea092a479e8997010a2ff4f9b7407",9
"847","59e8c79a5899e5ef22a18feb8f9d2107",9
"848","5ad0b755a69eb3a3a150430668e000cc",9
"849","5eff20582fe4bcdefc9dfe3dcef16a08",9
"850","5f0cc37ffdad87f2c46990aa62d7bb32",9
"851","6262a83a143a8a35121adab422e9b942",9
"852","6428d9f11f0ff663b3a558f62f834c95",9
"853","666b2e1a2bcf7d057db32e370ad39940",9
"854","66cf7fa90ac70148c3d0bbe6c3c87b5f",9
"855","6758aa1659ba9d694f79d9c60c34cfaf",9
"856","6c230e51cedce8a83b1a4d2c149ea3d2",9
"857","74831f911bf6eea77fb500974a35c98d",9
"858","76030d1f14e9e89f05b3c023e083b4ef",9
"859","7c9177c34b24f2e8edb9c2ead45796bb",9
"860","7e8fc2f298ed588fa0a5f6b7def60cf7",9
"861","7f1d02e3db39dcf22289a1991b5f6d95",9
"862","846563cec09de0a1e9524090f9cb94d9",9
"863","85c3b72aeb7dac86b9d06614abc02e01",9
"864","85c3b72aeb7dac86b9d06614abc02e01",9
"865","863226c59bb5d06e399c781bae5731c1",9
"866","8762d726f2021cc763435d68a3bb94fc",9
"867","8f5c675076f05ede159030216eaef8a3",9
"868","97e167c2d9a431c67f4b8515117df480",9
"869","9fdc71eebe5590417d11f06ae42264f0",9
"870","a044666c7fad5972c0deaad3751681aa",9
"871","a08a4b005493791da231b42e733ba12d",9
"872","a239663f3b1cd146891b6f2235c29198",9
"873","a2a64d65e8746b9479d6353a39842e05",9
"874","ab83ba0a097abd033774b03f769ca3d0",9
"875","ae7338c5b1e410f75514cf4602938c8d",9
"876","b1d7dfb6f7fd09ef83f6eabb111c77c8",9
"877","b807497b10f627371b4f87f7661d18c4",9
"878","b84162bedc165c49588200cec84951ee",9
"879","ba298e5a1bed6037467fda54388ed17a",9
"880","bc281ff4a49fd742a209a8317c2c3e95",9
"881","bc4b6b7eaf6d86d8963389459366fb52",9
"882","bcbfd7b80fb954118a14a236cc8f550b",9
"883","bcc6d6484506554c98e04e3fa2729222",9
"884","be4c49bb7ed675402c26cc62da5038e2",9
"885","bf0d8c5d610f91c7587f76882c3efe48",9
"886","bf1d9f2bcf1e90750c0cf1bd2b4b6b0b",9
"887","c50587f3ebc7d0b7940fe2847f7d4b1c",9
"888","c8ae2566de3f3a0e943b728b66ce8500",9
"889","cf5c74087feff44ad79474b5ac91a544",9
"890","d4938ef2ef810228f45b8fd396162e45",9
"891","d82832adfd81ccee53cccd0bef35f383",9
"892","dc303c8b88722a89fdd1613519e3c413",9
"893","de6512eebaf0eaafc7fa866eb637576a",9
"894","df1fc304fd23a161686507b9dd87895b",9
"895","e4e1b7ff77cf5b2f37507cefd6d21c89",9
"896","e6aee3f776aac72e24008a60b5ff17cd",9
"897","edfef690e36e23a1a1ea69344f6541bf",9
"898","f1af0af932c136f20d7e4f646caff3ef",9
"899","f2d7bbe9cdc854ccbb301c538f9548a8",9
"900","f5f3288ad7cc7721c11157297676f5e7",9
"901","f9b37c879b64099d1906a2f6d64a6c99",9
"902","fae7d643309797a987a8a5d17eae8da0",9
"903","fba000a839e9c3dc602a7e40b1a35b3c",9
"904","fc858cb61f1e681ce345cc088e09016d",9
"905","fdacb6816f3a5f38d0d44f536a0f66c3",9
"906","ff7a209f9c007ed4692bc808675a4a8b",9
"907","00481f7457e44697cbe4fbbf0bff4330",10
"908","00ceed0d4ec969b70e475c613be65c80",10
"909","02b8877817cd13051521cc3677b997f5",10
"910","033a1be7794b888cc99233128e5348c6",10
"911","033c59b8b7bf0a1c254c95299e16e02a",10
"912","03ac42348183681d47ff5f7c3e33aee0",10
"913","0445bf82b3b36a1e622e74e253bb1cd2",10
"914","056fe6375457163efc2881eceed67a4b",10
"915","0aa8154dba5b223ce10f365518c2ae07",10
"916","0ecf88bd9d1e21ec8849d172310851af",10
"917","12421a375c25295bedc747e9597f469c",10
"918","19a1ac184539a1f248a1dfc8e759ecd9",10
"919","19df86e35fc7eb3246717bff64dec115",10
"920","1a07683b888fd3838c4e12f268e0adb5",10
"921","1a3065312d4ebbc284558943141df896",10
"922","1c59666e3e0f6ca62043443df5ef941a",10
"923","2304f5665e08dfc6ff03eb59a63365f6",10
"924","23a7ee15cd8a1d72b62d2ae6beb62646",10
"925","2cdeb69e80eac58a792e3e3c271a1c85",10
"926","2d7a6bfba5a81444ced39ed343d187e2",10
"927","2d7e4fc2800638a6df49715d80c51860",10
"928","2d7e4fc2800638a6df49715d80c51860",10
"929","3233f1257d210a58f1bc224b71e07d9c",10
"930","3809f83309783b614e9efc13ae8737f4",10
"931","40777aa446d0f4e69e0c29769c475ab4",10
"932","414267767c88951a8be0f21c1cf5fc35",10
"933","4a4e68548fd5488b163ed981d8fb9237",10
"934","4ccf9e90754564ee7ea621b6d7dbe51e",10
"935","4e6bf3d8052b79f7fe410428b1f44c7c",10
"936","537ba825bf423cb6116ce3cde881b6b6",10
"937","545233579eac2e02b96b6cbb34e822ab",10
"938","59176c283f5080a0c113971fc001e40b",10
"939","5c08e62632ad938fad4047f360cb3e12",10
"940","628de0ab613a79a72e1760446ff1bd20",10
"941","6921a172036c9bf539248df15e08fcb7",10
"942","6960565fa5e0d4fc44a3c2aaf34ef470",10
"943","6a10d24d418d2b733cf61bf70b2592c6",10
"944","6d85009879d9c9f3e17f4a440b25a155",10
"945","6dc472e8794394197a14a2983430f120",10
"946","72b372a87564b5d381e050e3b09bebb1",10
"947","74cfcd50c847fd8b3ed4d208d28f56dd",10
"948","76567fe3716bd0234692d651cf0619e1",10
"949","7a93c47e2c956f2f322a592bf221e82e",10
"950","7d0db7b13980bc5444f9876e6f770f19",10
"951","7f312470a94fd3a63bd29b695c04dff5",10
"952","8265c92b78b72fc7c3b062191bf1275c",10
"953","868c490a5b547b1cca363d67aa7847ef",10
"954","873314619a317623b192e66b0213b8f1",10
"955","88eb947c8315d5a7d7afddf1658f54d7",10
"956","8ef188f7040af2b32828f1f246175739",10
"957","90b34b4fad4b420c9726da12a8a25cef",10
"958","92b3c1749e1b2116cee7ba25610512c8",10
"959","96421935166f1f445b3012ea5cf3b498",10
"960","9fac8dc5e9f8662df8c846aa19be104f",10
"961","a21d0a0cfcff6238f80f27751d737833",10
"962","a4c6a290c604e5a56ea41390bd67bdf8",10
"963","a5031d2d171f51ba766a53aef1b28a4e",10
"964","abcc8486cedcdff20004f1809a397736",10
"965","b1e906f54a8bafb9a69bf208053f0d3f",10
"966","b2edb23a9c590d51219fb8822b1089d0",10
"967","b6498bf61027f351fbcd713fa3800b74",10
"968","b9d19d65f307d55cb83a3f0d63025e8d",10
"969","ba7cc2264c7b58ee4cb3ab3698c84aa7",10
"970","bd37a0228e72821156c093072c171445",10
"971","c1ee388930bb0d5350567d2ec43048ca",10
"972","c33175346cc048ff8ab22ef1cc73d90a",10
"973","c48b2da866fc5c41a6b057b4ce922249",10
"974","c5d901326feefdb41e74e3557b364ca2",10
"975","c706fb5d5eafb9e2b7abfabda0bd0f9c",10
"976","ccdea66c6dadd25ec34019ff581dbab8",10
"977","cdffa6562bffd5b42bdc7277e11fada4",10
"978","ce3be8ffb38d7bc4d4815dcc1e00b33f",10
"979","cf07882dff4cee251d32f9d09b2f0970",10
"980","d0566fef03672130ba0fe966beb87e27",10
"981","d2086a785882f435a0bbb1639f0496b9",10
"982","d3792a39e0f564e3432d3235e1e67600",10
"983","d46dab4d24146fe37b43f4c97f8ca019",10
"984","d6f44e4cd923c9c50b1a33a56ee1d168",10
"985","dc92bc747fe1609443f3a897b0987795",10
"986","de053e9649c188b15b14945820888bca",10
"987","def5984e8302f90725087a43b1027181",10
"988","e027349d4c32e4b36fbf64dbfde481f4",10
"989","e4d107c99f7c461acc42b02190570670",10
"990","e68584aef0067c16097c1425d1a6a72c",10
"991","e877eff1cc095677fc3db733f8bd349d",10
"992","e944bc41f2bd2723bbad8afb75ccf261",10
"993","edd1b6e058ea9698e915a3d48b7d4c51",10
"994","f0647b431140672c144262de9259fbf9",10
"995","f1426dc96be530dba5c08a40f3b64c0f",10
"996","f3f3e481b4ecc83b99d6a0d81bc3a653",10
"997","f5bf078d5423491fcd8f4e82efda7ed5",10
"998","f7590f3ee0dd584fe6a923af51ebcf9b",10
"999","f7b793b661b1b0ffdf3c563be3c4c3d0",10
"1000","f931e5cb5f515c9e08fe7f43427333f6",10
"1001","f931e5cb5f515c9e08fe7f43427333f6",10
"1002","f9ab23a84961d99b5f4738d64f1266cf",10
"1003","fa2ddefba5e478258ef60c19ecac5d00",10
"1004","fa88082558c0359f4a944641d75284ba",10
"1005","faf6ad250d3ebbf2bea48a9057ed8709",10
"1006","fc5e675a741b6dcf1ed1f829bea5893a",10
"1007","fd8439ed3e23d608249e508fba33c517",10
"1008","ff747a5b0d3db54ea870bee5d6d674e5",10
"1009","01ae2350ef2becd09ce26a38d5a072bf",11
"1010","04fa7f8e790b8447cc003980e8d5cb2e",11
"1011","0590a65954fb64fd03f2a89ae4824da2",11
"1012","05ef8c9f76f8ee35eaa4e37059e4930a",11
"1013","0e0abbf7d56973b3369880cf465f4cea",11
"1014","0eb4e8e81d1ff8905ec2a816e9192c3c",11
"1015","0f242faa3d49f975f27dfb1c5603c7e2",11
"1016","0f762fad9a17c9f99c82627ff4432c8c",11
"1017","1048a91f65ea37e7f67fa4f0b1fcbc86",11
"1018","11ed456df853a192cd01dea84b05e90c",11
"1019","1270ad29d410f9f4dc0e8f045a3c84b0",11
"1020","1305d3f1bba0b87e620cee82f935559f",11
"1021","1738cb4612c166d8e83829d17a531093",11
"1022","230f5ab2c873869772e462c22a19744a",11
"1023","31b7bdf98af44b02c97baaa4384686b7",11
"1024","32282e63dd170a21f7cb16e599bb8c56",11
"1025","339a89f254e23c71b8d13021182561ed",11
"1026","344cd01a76bf0a73e187e9c1fc3018ee",11
"1027","374476374face68cd69c384037410d5d",11
"1028","375195ec09ab9c6ef49ffd6462bd0696",11
"1029","39afe4be4f05bb5c018ff0a114770838",11
"1030","45d33738d0763be0e2f7493b5cb282e5",11
"1031","48334d11bf354345c2bffcf30c51af11",11
"1032","493b53ddf7f4abd7b708bc0fb3f27518",11
"1033","49da96874469a2993f151ec58ff990dc",11
"1034","4d6b26f71367410945101fdd9168901e",11
"1035","51b75ec4743d08dd01c32a342ee1672f",11
"1036","5673d17b89346c0ed6615f7bb28051ac",11
"1037","56c07b1c6bd7e390e29a05b94305693c",11
"1038","57941b10fef4017cdafe1ff6951b797d",11
"1039","58d2964f44eefc3c06eb3418b169055a",11
"1040","59817bab27fa71125af7ca040e5805bb",11
"1041","61a14c8aa329e76d6d83c70bec9bd87a",11
"1042","63198fd1e2fc7a436934721254669d35",11
"1043","64c6f0109216f35fc54981f6c9624bac",11
"1044","64d168a672a7dd971a56568b8d272eda",11
"1045","6622b5f1b7750ebb40cedc96eb11749a",11
"1046","68a219f1d0dca186e7b86bd0268ac9d7",11
"1047","7217a37ffe7cc5f7b6af3f3fdd243c29",11
"1048","73157abeb01e78a44910f85cf380611f",11
"1049","73176a7318b3e67122469c803ebf18a8",11
"1050","781ca313ef4818f06bf4e99f50f3fcb5",11
"1051","79902a4fab2ddb85c1c4930afc06754d",11
"1052","7fe1686f1fc070dcbdcd4f8f3281c56f",11
"1053","8450d28c2510726997c4f87227878655",11
"1054","88334f0d691f35cf7f7223c6d73f30b9",11
"1055","8a092779223b85e018851a4d632a9610",11
"1056","8d0e14eb6adeecb6f86e0d0f215c85fa",11
"1057","9041eb58c6a884bf01e685db2315667c",11
"1058","90877df6e8ec5767a70401b356c053eb",11
"1059","9342ee3d92f04c8383a4b0a1c9687f31",11
"1060","94d2808587eb003f9005f88941f107bc",11
"1061","96a638e4d229137e4e992e53e350cfb3",11
"1062","96e7781631a269b3f00c4bc5d8c3a8e0",11
"1063","9a169e5bd34ccfd93a9434caad4a8c80",11
"1064","9e7ed2260831a3b78bbf9ef1f97b0d2a",11
"1065","9ea293245255c1ddb9f3cdee09ad6c17",11
"1066","9f82e353b92a3556c1a940873d5da1aa",11
"1067","a006715155165a76910935a541df0c31",11
"1068","a329efb3796c2a2a2675e0aef85856d6",11
"1069","ae3443f14845002f264f1713b83fd0ec",11
"1070","af000be593760edb6870c0aa73308648",11
"1071","b03f61f7e6b6f474e9901ce5b49dad40",11
"1072","b0dbbb396e992f56f78486dbfd47521c",11
"1073","b34e6064bec3a3a7154c208c82950ddd",11
"1074","bc028535112c3488cac67fecc0be62b4",11
"1075","be46d4321ed02f0ff6a8667345b7ddd7",11
"1076","c0b7723d479259afb1b78b656f59c7a8",11
"1077","c111b96e28b9d1557f21ef1f0a990232",11
"1078","c2960a2966661cc6168ace0e738ff27a",11
"1079","c62b6b3b2896fb859c2933ef1a8cae31",11
"1080","cf68961dbd8cfce36afee53d5a51d15c",11
"1081","d0358b81619326b5e0b8a88ea6a6eb61",11
"1082","d0d3c38907f445ec4a87e24564539df6",11
"1083","d3af8ed2f7be1db16fabd94d612886e4",11
"1084","d3ff00663df26d3678ca443015f5b23f",11
"1085","d4e5265d4553d8e42c46182669ddd9e2",11
"1086","d9392d7755022ff65c164ea78ddf68b0",11
"1087","da6a6bd787a8eab69390494ce0acec4a",11
"1088","db5b4d07ae8da899ecafb97db700c4ef",11
"1089","db6e0c40b4d8c538f0cce5d3e1260563",11
"1090","dbffc996583a690ac9ad01eec4f066ed",11
"1091","de263d842282fe93a77fb4d8a7f3fb3e",11
"1092","e1011006a88d133194ecbe6829dbf9eb",11
"1093","e239978801cc887b5d53998790830e08",11
"1094","e57ea5958114334ee198bfe3a399f1d7",11
"1095","e5b248174d4c7bc30f6eb0c69224aecf",11
"1096","e6dc4cad356ac7cf988e3df85ac6520d",11
"1097","ea2d5e24a1a4dd383694d6f018f4b6c9",11
"1098","ea875431b5187a426686ac8a78004987",11
"1099","edf93c3307609eb79e5aa894e52d3945",11
"1100","ee0b31af44c3594163819b39b940ae51",11
"1101","ef2eefd96209298590ea57de6f87e7e9",11
"1102","f2a94335f1f51b9998ced8bb9d32542f",11
"1103","f333389933e7a4c88cc6938f62c84b49",11
"1104","f625b9bc7ce99302f72ba28accabc605",11
"1105","f64d30a83b6ded6dca6c7b5b98df00f4",11
"1106","f66cfaf9bc4803c9cb79d3d2aeea2aee",11
"1107","f7b9209827e091c67a295dca0057d21c",11
"1108","feb9f138ce3a24abf7c20185de1e6761",11
"1109","0342980e48fbffd359a20628d9450485",12
"1110","0342980e48fbffd359a20628d9450485",12
"1111","039e770089eb0cbfb193a3ae3fadb893",12
"1112","062372c7882af8f7bb84943024eb6a2c",12
"1113","0686b17a9aeedb103f46b38f9d94eeb8",12
"1114","08ee208db6cafa5ea057212223ece39c",12
"1115","0963ea06d1b60ca64affa94911f329d2",12
"1116","0b4a31dd0bc5b9cb6a3da2b48eb54401",12
"1117","0bafd5e13fe32c31b5b4d9f7536c941d",12
"1118","12128c9d99e298a5a86fec6053a25347",12
"1119","1365feccc61adc4814c64ff7d9303893",12
"1120","13da70ac3a8ad54df495da6e6bf5bf08",12
"1121","14ddb3509efb3be82081e905f697dba3",12
"1122","175fad9c8b9dcce44c7cc98b032d07e1",12
"1123","17a9f0d1e3733dac32f98dd1b6ee7ae0",12
"1124","18900ef1e2742e858bbed6264b3a046c",12
"1125","197c9502970d6583f6f3e33dceb5550f",12
"1126","1b8a501a7bbb0802fa4a05da3a8cd65a",12
"1127","1cd8c5958dad8616aabc4fa432b5ead7",12
"1128","1f90c5a8981fc4c095f70aea892ff94e",12
"1129","201aa211051c6d69b54de666dbd44994",12
"1130","2247ea809c4b3069265b106b3819af19",12
"1131","293bd72b65dfbb4252d5df5ee43dee5a",12
"1132","2b1b85e4586716ccac4cfbab9226cc65",12
"1133","2d147468df0200d5f90ff5d75bcadbe6",12
"1134","3083f5dee9e6201a9043b765d1c7c644",12
"1135","3174e5f65fdec525ecf8be88f1898329",12
"1136","34b4f1f3f5ea4fe7b006371c5ed60765",12
"1137","37a02127ec1fb10fd005080ea6671271",12
"1138","3b1add4085af6afe2ca52a55fc3fb5a9",12
"1139","3c57594c5de7b481d01d64593f4e51cb",12
"1140","4305276298bfe07e216b55b3e150ff68",12
"1141","43db05d16c51cafb451321dbca30d967",12
"1142","483a4125e7fab32d4fcb2b5d1ffa00d2",12
"1143","4d5ac9213ea93621546badea52220286",12
"1144","4da053336ea3efd2695efd580c54584b",12
"1145","4e9eb663a8c64d8e3cabfe7e4b87d7d0",12
"1146","53a72b1c4248dc4bbce2a197b5573d72",12
"1147","549df2a4d76c942d8369308429752184",12
"1148","54b2538e906a8d503d9a71159d1d36ca",12
"1149","55eb56bec1db9ca76b6d2aa3c09712e2",12
"1150","57946c8dba1a1a85b2078da67f09fea7",12
"1151","5a35e4bb86235463eff5866e9ee79739",12
"1152","5e9b3bcf4aac69ed3ef73cbca12ee72b",12
"1153","62694a749fb81e3268ea0ffba0de1e95",12
"1154","642f69433572aed4342a2026f0513b5b",12
"1155","64aced7c4d814e32f8a3cfe50ddd81c9",12
"1156","6f18255d6435f943053c754e2ff406e0",12
"1157","6f4ffd29a57cb6598908ad274d7dfdaa",12
"1158","703dd858d96d671944d27c5a06867a10",12
"1159","759b95e2698c40e89242d61169ef6b4d",12
"1160","78625638c482b151a88161b2f6e4894f",12
"1161","78906f21b8873984506469c09306a3e3",12
"1162","7a0048449e06bdb2c71ac177c5ced3c1",12
"1163","83a90deca523f0cfc53e97ed2921a6a6",12
"1164","84e48d25391c7a7cda69d5f9fb25ee36",12
"1165","861a903bf623d4873b2e27e84775ea64",12
"1166","86236555aba7f7bec5e1aed8f189e77a",12
"1167","88220c7fe94cff6b5a90c20459c70000",12
"1168","8928aa79bf65a8ea8b41802634887e4c",12
"1169","89ca4fa4c89388e266f44db315cd78d8",12
"1170","8b7a84a06c90ba7a095b0307ada9a5f2",12
"1171","8bfce44dab94a2b5fedbbd3adae56749",12
"1172","97c185a074f856c7e9768753e9b7046d",12
"1173","989a430a480dfb2df0c37dd028d91db8",12
"1174","9b3e0c684586646ce9eed8a9821e0b59",12
"1175","9fef02dedda6d91de6e74e1d7d3baab2",12
"1176","a218ee95081ac58f5a8c35f0fb15c302",12
"1177","a287d825bd346605da1b8e5017d13524",12
"1178","a5de8ccef9a812d9b5c7cb312fee108f",12
"1179","a941f19e7545ea877b4b9510f0be6a63",12
"1180","ad30b568778b199cdbabb1a10d691944",12
"1181","ad6accc9d24e23b3e302de529a942889",12
"1182","b877f11b0df84d337b544b552a684afd",12
"1183","c2f4320ebfc7a98e97162886129820b2",12
"1184","c4fd5fb66459273c5dc10c4de4266f85",12
"1185","c8dbfdb5972aba5f9f4da67a683fee62",12
"1186","ca472909daa94e1ce61c174548d7198d",12
"1187","cd39a832a230705ef131f4d8b858f65f",12
"1188","ce542ae33bf4f70a34b8641eaac2e4d0",12
"1189","ce798611bb26ebcb1fd0887f02a72387",12
"1190","d46652f3f1c84a1b471f30c8d0087137",12
"1191","d679f7406fda45349991085239143a4e",12
"1192","d743d13d397544036f2266ae050c2dd8",12
"1193","dfd51e36b47fe8a10fdd1d789001501e",12
"1194","e072c8b659169b5939e49be5c5fc3ae3",12
"1195","e459110a0e5288867d180b786d5e620a",12
"1196","e4ff2d35f08d2d1acc0d03aa9df6f4b9",12
"1197","e63e24fa452209fc8000bc37d582ff2c",12
"1198","e9c0953d695ff92ee3c092d3b13b280c",12
"1199","ea3c7154e3fd84c3e502a9219b2e3cc8",12
"1200","ee172df5f44bbedc59dd865962f75452",12
"1201","eeccafbe1d2736fec1608bfebb02b882",12
"1202","f0d7085f21c4e88d7448e29c10b34cee",12
"1203","f17f196c4431d28aeac6205c78ddb847",12
"1204","f25d81a6f6dd57b990eb23725cf894a1",12
"1205","f3e26c31fc440748f4dacd18dbecbc65",12
"1206","f83637f12da543fd9df8cb97ade0ef3c",12
"1207","fa745ce3576ef1930376e33760b5d835",12
"1208","fbb0aeba3247a1150aba110cad18dd81",12
"1209","fe00789e13ec56b1624f016c682abea0",12
"1210","0027c15f32637adab79d770bdc8827e9",13
"1211","004cf7b0bbc8f0f761c488a7f15eb866",13
"1212","06fd29e21b58d3feba47d74236d45e53",13
"1213","0a6a879c1641eb1e51a334847978239c",13
"1214","0cd4cbb613dc281d0552a04b992a719c",13
"1215","0d3ace55e7a546da51f0b83614df28ad",13
"1216","126c6093216824ea1375d5371df461f5",13
"1217","150d07b74a3d498d523fa88ea385347b",13
"1218","172e88eee0f40b3d13439fdab8e7cfc1",13
"1219","1c30523b2a258cb264a1ea24664c8254",13
"1220","24ef40f5732472668b1ecb58b22e8d33",13
"1221","26443f27488420a4af1a208fd73f5bbd",13
"1222","26443f27488420a4af1a208fd73f5bbd",13
"1223","2acf16281c340c5db3bdc9fa2bcd2f2e",13
"1224","2b76e51c238ec3325f9888c4de210b3c",13
"1225","2ce23ba1ca724800a7753d7728b03791",13
"1226","3304000bcbe473a0c98686d217438277",13
"1227","34275ee2e0b5d291a961f9ba256e0048",13
"1228","34a99e6f5fa914f7a0242511d1a35964",13
"1229","39089c8f728768b345d5366230965a8b",13
"1230","39e8f1930335d2a3b6161db61e538edc",13
"1231","3dfa766f6f36763d498549844dd47646",13
"1232","3e9fb54c06b1b8ae288ff931c7257cd2",13
"1233","4172757492f45dd24f73363afe0b2e41",13
"1234","41f90338d71f14f71e675b9653001597",13
"1235","4231ec6e9999f23b6507c570cd74125a",13
"1236","44272fd9a3e9cb89d4370b435c53bcc7",13
"1237","496987454c498ea9a52f60b40e4abadb",13
"1238","4cf9ad44865017149316746a9793ad1b",13
"1239","4d61af08bc277e91c8f6e284f03ee85d",13
"1240","4fd713d0da1d51bf461c0d2d68074a67",13
"1241","5004bf9cc7a92e6ec5674f896013aa6d",13
"1242","541d04aef96581fb24db13382528fe6a",13
"1243","553b773cde3b284c8c8e09b84d3bbbbf",13
"1244","555d67cba1d1d1935b39ec487291ffe2",13
"1245","573084d18b440c49006f1ae5691b785f",13
"1246","57e51ac5aa7e15eb0d740c970e7716d7",13
"1247","59fcd1290730dc297569125d61852dec",13
"1248","5c64ceedeb69f1fbb2344dcd30e66847",13
"1249","5e242763926d5068bfc1388cbd6beda2",13
"1250","6775da6444c36eea4ffa3fd07bd20d07",13
"1251","69dc28d3d07ccb48f87aa145b030b6a4",13
"1252","6cba4afe64656c7d244f85f141d4a7b1",13
"1253","6ffe9bf74c3883ac32ff1d5b3f80cb59",13
"1254","701b01382264358af6eecebbabe5d716",13
"1255","7233af3cdd64e050af652f765a197230",13
"1256","74f5f26b90fc869a2a9aae8c43b48da1",13
"1257","758482b92be0d912a83c6ca5ea157e76",13
"1258","77e831e56461b254b01dcc2544f226f1",13
"1259","7d5ec4b7cae0a43bf0aed9ee779a4322",13
"1260","7ec93941c63752701a2ef7870e4c4257",13
"1261","83d44eeab0ea3767e9a3b7ea5d08c2ab",13
"1262","878040846cfddc6b0f3cd28e1cf7d045",13
"1263","89c55241e87651dbd5bf53b85a1372df",13
"1264","8a5a6b031aecd8f4312d6beedc709457",13
"1265","8c27ff6209202070dbd763c6241ad2bd",13
"1266","8f649ca15674f420fb2ea6554e6ed03d",13
"1267","945ccccd978d0ebc2fddd1f5676a1690",13
"1268","97667eac56e4d03c36143e91e36f5198",13
"1269","991424ae3d1a00619b4d51308b5775d9",13
"1270","9941b10e52bd2df1557343a693c3cb52",13
"1271","99964ce761d15a0adc936922afb552c4",13
"1272","9fd2870b7e589b645d6740ac4d498527",13
"1273","a22ff4b2cc37e17e84b79cd618fc2e7b",13
"1274","a2deed2945173b7fb758c45538d672a9",13
"1275","a3761ca30cb3fc6ab902a6cb4654005e",13
"1276","a3c29985fccdc701de3acc3073d3fafa",13
"1277","aa2adfe9074fa3446561751b07bbe1fd",13
"1278","abdef9b2251fa5f2e0e0852b0d27c604",13
"1279","b182cb41431ee6bc0c3db7410462928b",13
"1280","b3c8363c053550e71a1ce55c73052786",13
"1281","b5591155854d75dc564575f388eacfe7",13
"1282","b6ff332fb8f8c8f1c7028fa5938d2382",13
"1283","b9525ec2b7e75daae22d4676f6a26d19",13
"1284","bfdd97101db440190e2d5f5062f31c3e",13
"1285","c06441e414c0053d15771b0a7ad88b5c",13
"1286","c3107a4d61f451bd287a47fafd481738",13
"1287","c46b6344832025bd55ff227fa40b1ddc",13
"1288","c5a826c20b377bf1adb012a8fb56b9de",13
"1289","c6953dcad779f1c53eddcd78016aad44",13
"1290","caa44e92110e395863352c6e68e8aa87",13
"1291","d07386044818372985bffc36a8bf81f3",13
"1292","d3e888a7bb7201bc4d6a1e4f09015bf7",13
"1293","d3e9bef8791d582b81f1846de0829f42",13
"1294","d77bc6dc6840b019fea62483a9dd73bb",13
"1295","d91641dd845973e6ab2690fe402a3b1d",13
"1296","da333693a4fac0fe3cd101f8818c1967",13
"1297","dab78d37b9225afdbb7f06fe03105710",13
"1298","ddb861597cce222b4844bc939b075d59",13
"1299","df44786a351fe3f62c262366d0e30b62",13
"1300","e54d664ae53e320d2fc2f76302fb5f81",13
"1301","e57cc1355ac34fcde9e9705083a310bb",13
"1302","ec8cb5e870b86c2468c25b43b3c6098b",13
"1303","eee341f5ab622e1de641e010ac2ef5b8",13
"1304","ef025365e743a4f8ade779054b7ae28c",13
"1305","efc52dea07b2385c3c947c5398e5fa78",13
"1306","efda660886221e58c1e49fa726c6be33",13
"1307","f06040907eee4b7aa1263f154e417276",13
"1308","f78857097015f3464577232fe7af3987",13
"1309","fb8a400d6dce461b88707fa0f4d02f39",13
"1310","ff2679ddf016ef04e163c6898249b438",13
"1311","02719688ce9599e12631a4b40bcbbaa4",14
"1312","03777289b3200792090f07fe7d0515ed",14
"1313","054d6d6c79b21f8ec9eee66cabe7f819",14
"1314","0f8d8fc5db4919e3f14595f73353573c",14
"1315","11e18aeda202ab60b081f8930a9d94b4",14
"1316","11e4fc23fbb4c61d67de60cf72a610fb",14
"1317","130654f68d61790d07280a0b5255af7d",14
"1318","1a5cf4c0e9e938971f6610b365d01457",14
"1319","1bccedf6b7f73c47e16380ec7f4f9b90",14
"1320","1becaec2af7ebc574e64116ccb7703f0",14
"1321","1cc311b2ecd4399b906d5b239a42553c",14
"1322","1dcff90b835dd5008c4026a19409973f",14
"1323","20384cd06a06446a9e92238fbd5e08a5",14
"1324","21cffd2895d836599b0bf431a036c37b",14
"1325","22118a41269d5413c93e075786857402",14
"1326","2604088802978a8bc01aba4ea3af102e",14
"1327","2700d850c1a1604de3f32e3a8ef93803",14
"1328","29fc9c3dbf7863118ae69d751a0d31c0",14
"1329","2d0e40c0e6dc764c8765dec4639ed177",14
"1330","2d659f4fa9ae693ba40d71249db2b5c1",14
"1331","35b29aee4781e08e0a7ae9afda0e8355",14
"1332","3665dcbec78b36f06b12bcc0015a4e7f",14
"1333","3677003da2eec9a96346ec956f05a731",14
"1334","3b0e70372f5c506500f52ac2190e097e",14
"1335","3e3612938ae0664497910370e72e2256",14
"1336","3f6968c847df85b761d332cd85ee8d65",14
"1337","41e05740665f4d6e702598aa8b66f31c",14
"1338","43fadba2cedf94ac8d1bad8e85778e9f",14
"1339","45fc65b837b705e0e7e55e366d07d7df",14
"1340","47ec0945e03f9497ef0012d7dc9179f9",14
"1341","4c3a1f2a7f4fd26b8ce799942359e2c7",14
"1342","4d382634bc2bf37936119beedb9eaad8",14
"1343","4e454b66741dc2aed78e55095d05b02f",14
"1344","4f7eea5e72bae1acfb399c9eb5931889",14
"1345","5097415c625cebf22fd2fbb26c012fd6",14
"1346","5143e817991c8363d06eda61cb0e468b",14
"1347","5378b79a7f236ec54f5411d55c07c138",14
"1348","5e1800076afc25857fe954facd918c19",14
"1349","6049f93b0d80bccb8a5bd945757c0908",14
"1350","605601ba5a6646550fd3d00658a3816f",14
"1351","61b0909cdbc98bfd1377240753474a6f",14
"1352","62e3d6a8869cc8065a6481469573baa1",14
"1353","64768096187d887240e33f35c11c28da",14
"1354","681db518df70ee169c2b5fa85c21ebd3",14
"1355","706dd7e1b680ac4abe76499bf1c9c964",14
"1356","71c62a15a9d8c90f8682fd2b227fd941",14
"1357","72bdc37187b1b1bc2f94d27ef289044e",14
"1358","772a6067c43971ff7f1de79ec0cf3b86",14
"1359","7c50c4ff303c99dc6dda1de8fa88f3f5",14
"1360","7d0203f701c1b31b078ba8faad369706",14
"1361","7de62293b199fc692495f5c95d3a7e56",14
"1362","7e7c7a7cb85b06c8a8101fc5e62e12c2",14
"1363","7f1203820ada8132cb45592df35539aa",14
"1364","7fa995e248654e5ab0e4864e990c0b24",14
"1365","80cbc4c1da60b3e318f3981f124a92da",14
"1366","844a96aae26c204befb12be2762d83fc",14
"1367","8aa1fb08aba1395bf2c68bf38cd4c8d6",14
"1368","8c6d907bb5260146d9aefb86a130911e",14
"1369","907d1e958548215ce8985ef0060f2c74",14
"1370","924b78e677fc97da7412d26a4f84a553",14
"1371","93c54355787bef57ec9988fa7b212e41",14
"1372","942c0f2068c6be7f895c86a44d972d4c",14
"1373","96bcdfce6179f4617e3cf317758460fb",14
"1374","979561762e83fc24be9ffb1a26139ae1",14
"1375","9865befb53abf5771ab84c142443b956",14
"1376","994e37d355b315d7d66d5e1ed08133dd",14
"1377","9afe039a04a815c51e3c117dae833fcc",14
"1378","9dc06344321763dd4db3943093b9d20b",14
"1379","9efc0b4347f62f995b265c0e4f334ad6",14
"1380","a34ceef0d1e939709ad385726dbb0814",14
"1381","a3bef40faa38a41ba3b6a6b8d2257e7c",14
"1382","a3dbac0ebfdd353c8ccc4f76ed817abf",14
"1383","b1855618d712a578ed0101f0cd4d1c54",14
"1384","ba6dcc1d21c161f82ec261307bd071be",14
"1385","c0a28839158cea086cd49e77ab392098",14
"1386","c2e27bfaaec51d377360b4298da7cce1",14
"1387","c37d02c83ce0f764f615367128454693",14
"1388","c392d9308d8363e0323309959839e9d0",14
"1389","c634027df3a27a87dc68b3d90e49445a",14
"1390","c7da651fadf739d1760d781ed487b5fd",14
"1391","c8c364743e08530825e7a29b4c9e8f88",14
"1392","ca3ea1264000a4f304fc78c27208451b",14
"1393","cb9f2ffc9b36b18e43d181f58d53c709",14
"1394","d3e7cc6fd7c8bfab1953064c22e4caf1",14
"1395","d55922071740128632844dd65ce30f9e",14
"1396","d968fe7e63564b12511726bc94b3ded6",14
"1397","dae82f1844226ef176127d6947511c60",14
"1398","dbf34c9045410ec67e5f1b9805a8f9d6",14
"1399","dc4cf2674af4824166a8e2241c8c10ea",14
"1400","dee71bb7bb809821f6cfd5bfb33a2683",14
"1401","dfabad6d52b75beb83cb5d3acee7d522",14
"1402","e0001c35ece84292c4d3bd87d90239ca",14
"1403","e8afb34b2378870b9d14b87df76fb5d6",14
"1404","f11a0466582f778adb84667bc55f7601",14
"1405","f1454ca62c1d2d86ca4c823712c45ceb",14
"1406","f449f88a99d459d34cd8b75259951128",14
"1407","f8cf275c1fbd6d58bf5d878c371e7085",14
"1408","faed89654d5e11fa78f94916608504f4",14
"1409","fb61233856a36d2d65ebbfca844aaa6e",14
"1410","fff1f2f84b7fdd3656431572ed087067",14
"1411","0335babfeb31e672e6346a7c1715e1ce",15
"1412","03911d277e11161a1b6408758f5ad12d",15
"1413","03c193d1c1e364a12f7e8728b3aada5f",15
"1414","03d5b2a1ccc62b72bf6a45ecd0036bad",15
"1415","08ef73ee85d78d8eb3f16713a2058935",15
"1416","0d9a070eecdf2f4205aa5ca27c83b8cd",15
"1417","139b92caa80c3f82f7d0ff1140dbb003",15
"1418","14e341e992d9f3de407cb88383ae7d4e",15
"1419","1949aae73664def25e12339c25979a4e",15
"1420","1a640c81720f30f2219faa7171417444",15
"1421","1b0f2ddc8620632c8a15d48f6b0f461a",15
"1422","1bbfe4483b6786110d4d1efb044bdeb2",15
"1423","1e0009e044486e3803b769f4bc0b40d7",15
"1424","27567a70f19c5a35c346fd6535564302",15
"1425","280f82164057b73ab5d48a16724b85d6",15
"1426","2a879fe196a4858f286d4da994f52cb5",15
"1427","3015af7e57a4578b93954780d270bbc7",15
"1428","3017c1ad7bf498e9dccc4cb2619e737f",15
"1429","3027d8a8a6aa1fec2565f15458b08463",15
"1430","328132c079c25b53b9f2e5c3819c5165",15
"1431","335b8a7105b28dc4bf7c927111ac3782",15
"1432","36df24c01741ea3abcb004852c6a0fcf",15
"1433","375bc06c90577281228cbf256410cb00",15
"1434","3eb02006704d8fd736c115cecb0a1ea1",15
"1435","3f437e093356d4ac0f2746d9545d3027",15
"1436","42f640a093b8ef838b3d4e709f8b7dca",15
"1437","436c508f73fae7a14ad81cab4338303c",15
"1438","451987635956182a2b5cc66cf4e63606",15
"1439","485f207fdc72743b18ba3790c96f4f12",15
"1440","49728de4aaab5b1239627464d3e5e7ad",15
"1441","4d55e974f80ce0f5fc893332fe777ff5",15
"1442","4d62964535d62bfaf1be8ecf858753d8",15
"1443","51e6d2529e8340c1602b36e089182799",15
"1444","5592f180996ad6e57f3ad7f455dc760f",15
"1445","5778983e5fa474b76438c796993b64aa",15
"1446","58555719c749edf8d9646badbd8e191f",15
"1447","5b73c6d15e2376c8d0b4917cedd7555f",15
"1448","5e799a497ed480469265a426de3651b6",15
"1449","61a6159bccfe0ef4546659b370eac877",15
"1450","656609046218d7cf0c3c48a1557109c6",15
"1451","675cb263519ae1ff0d2dc5cb6579c71c",15
"1452","67ed2af3b43607d211063aa9dd9aec5d",15
"1453","68bf5e2d81a5c0746f768a72c6a69c19",15
"1454","6a006da311dd1f0f27028957a70e95db",15
"1455","6e48e899afde84786d924e809aef2c9f",15
"1456","757f4dbd11a9aea2eb9bd70ea765f391",15
"1457","793c707da80508eaea7c66cc1e08c1b6",15
"1458","7a68736d97bb6570b2c0cfba16f234fb",15
"1459","7a8207f850fc98cbab69a762802b2d75",15
"1460","7d0138c6a5b3d10694be8971ecd97c89",15
"1461","813bab2a1619c17c29334183a3666c61",15
"1462","895fb9ff3cae1cd93b263f1e98a5decd",15
"1463","8bb7c4d98c49f23d4e67a2496d069bb6",15
"1464","92949ef27607aa62e8c0275daec8c813",15
"1465","9364c5f1d721b61bb5e5896783e9f798",15
"1466","95339ccd6e82c39311546419c538b9e4",15
"1467","98b05a094f16df118cf34ad6d28d301d",15
"1468","99664848a5373d9052f7af7921aabdad",15
"1469","99e99f26c2c1687d5202861924031051",15
"1470","9c62f1947e83237d87e70c1be7b774e9",15
"1471","9d6ec508850f03b7096418349e022e93",15
"1472","a07e615c0d81f939880ca96aa50f350e",15
"1473","a40c73e1caa3011a447a92e58f4c61a7",15
"1474","a4a6bc0951fced043d194390db857d3e",15
"1475","a63bf54bd7d1a6c1deaf9e872f8bdfca",15
"1476","a6a1d5897318af74411ac8de103c556c",15
"1477","a71a14c399d4765cbd870a4000d35f8e",15
"1478","a735740fcf026814dba2c2909f6deae2",15
"1479","a881bb38585fb01dee7972a1548384e7",15
"1480","aa01319f4f6506fccb9d3d71e9bc922b",15
"1481","aee7944e117d150ceccc6136e5a02e49",15
"1482","b4052014ec9fd88925a67a9235eb6e04",15
"1483","b730184a4e2c08d75a73a4f119a7aef2",15
"1484","b8091fae8db995180c409a47e302c5f8",15
"1485","b9455188d5eca6791b7550f571578d4d",15
"1486","c3d421de5ef3d1d3f0e67264e704af9d",15
"1487","c5a22c53899d819fbbb938289e6f3cdf",15
"1488","ca7fb139f40263f9b82512a9af3dd059",15
"1489","ce0a00cd836661238ed2927532234345",15
"1490","d118aea53800f990f46acec73ce002af",15
"1491","d5f27cfddcd537f00ad7d2af50a81faf",15
"1492","d7caad17ba0835bb9266c4b3fab3932b",15
"1493","d88ce3e0410cb6c86d312bdf853cdc55",15
"1494","d8c7faa85b23b153a598cc47fd82976c",15
"1495","d925d4a8e8c26c4f9805e713d051715b",15
"1496","df050db4b773fbaae76d2a1c5e840735",15
"1497","e057e064f5d6280342cedc6d5ea30ae8",15
"1498","e1b3c66d5ac7d9894a4e285e45315f20",15
"1499","e6a911d72e1afb5b0890da2a441e76ca",15
"1500","e7a972ad2da05b3c864665aafa4ea127",15
"1501","e8917db1d4b272a73c15d6608eef8884",15
"1502","ec3a149758fe2c6a4418bbea645529cc",15
"1503","ed4897ebbac2f96a1e78dab0299b4b8b",15
"1504","ee6581152a19696f8b07b32900dd6423",15
"1505","f0d064d6b5d9d5d7be7b49b7a69d8485",15
"1506","f19eca41e4b43652db8b9b924e4042aa",15
"1507","f1dcc964f0d6ea36be55cd848551dfdc",15
"1508","f6a4bec88b9926a217afbcb2499e353c",15
"1509","f7dd38de3d6f8ce72467848d76daf2bc",15
"1510","ffc71ea75e4ee9bcce35a0ba6eff51b9",15
"1511","02d363218ca98431f0b98e877a86a3fe",16
"1512","044acc4000233981552512a097857790",16
"1513","055df43e31448cdaa69cdfefb6841699",16
"1514","05b26e60f694c7dcaa57b23bd56c2c24",16
"1515","089e98873261b350591b97bd13010cc8",16
"1516","08b464df8ef314726634cf74596c8584",16
"1517","08ee630308e81b34a2add6ea4ba517fa",16
"1518","091c39c369470d37b3b81c7f8ecc328f",16
"1519","0a4a16cf3cbb001c70d763cf7874ca13",16
"1520","0cc41f470f8da785601105eb176947a8",16
"1521","0f42f1b1a419898dec65bcb8c0721709",16
"1522","0fc4a7fedfb5e9cd27418a5fba043cca",16
"1523","113d06a4bd27af8bd0bcf6775e59960b",16
"1524","1a889c380be07883b432d676b3789c0b",16
"1525","1addd30d8ae8410c274243bc563613af",16
"1526","1b7ad33f6cc1f571f25f1a908ceb0ab2",16
"1527","1b97ba685ac3a971f21d6e621137f7d3",16
"1528","1f5a19f7ca8125772f4c3a6cdbbaa58e",16
"1529","24ddd51c750f70b03503e18a1337c3bb",16
"1530","288de747b316afd352ae70a23303d441",16
"1531","2c84e07d8f65cb7d9e1b587c856d9720",16
"1532","2dd38ffa80fd1641548cbc3a73cb04fb",16
"1533","2de4ad3e5963b0df23a167d020f250f8",16
"1534","2e6107a7c627589a4fa445071469709f",16
"1535","2ef4a400eeb6a64e630f2d331b39cdea",16
"1536","32dae308ac24cd9c174ab0fdd1504802",16
"1537","380a31d395c465785f9e1f0d09060925",16
"1538","3e2faa4615f1dd88369f544606ab07c0",16
"1539","3e7fdb7f0f62d453a47a6d1e71d6f9ac",16
"1540","421f2a03cad3bb12c2a8df8ecfc59448",16
"1541","427ccdb909f71cc0eefcadba520463c9",16
"1542","483ea5a0bdeeeb857f35f42a39803403",16
"1543","4920bda5bd27d3ddef7cbf1b77538b28",16
"1544","49927e1f9df77a5acbc3147be006fa2f",16
"1545","4b7bb836ce260d83035e1cddbea6c891",16
"1546","4c24d10bf89421e4c9cd7d015fb07313",16
"1547","4d3bec269efa8c93a5f901b95d5642af",16
"1548","4f85002bd860cfef078e83dcb0e1a614",16
"1549","51c78c35876b8ae1987d7015f00c3cad",16
"1550","589dcd3f6e3e218ea7a4bee972390af2",16
"1551","5cf141d14a9182b9351776dd052a7826",16
"1552","5e649b773afc81706defb2785b964987",16
"1553","6037752256855089155a0945330e4841",16
"1554","61f37596a88dc70d6df7129b5e72841d",16
"1555","63c9a019c9f184d1053d345ef97701c0",16
"1556","63f6e6c72e23fab729adea973b8ff281",16
"1557","6604792bc4a450288f45a62a0cfdbf2d",16
"1558","686627fde83af94a284f44837410c099",16
"1559","6baf0d4a2318c8b46c975eebe132a47f",16
"1560","6c64a74b23d331b3690e08f37dfb58f6",16
"1561","751c0b1bbc667b3ffff6904e4ade5c5c",16
"1562","75e0da334986a894eb41b33b0892e7db",16
"1563","7655d639460cd74ecd3df13fd6909b04",16
"1564","77dbe6bce81475ae0b38270776fe8eb1",16
"1565","7804307be23c67acc701ff1706e922f7",16
"1566","7a3eb97ae4043c9f2a9481bf4db543ca",16
"1567","8030fe9ba91032305f46e168ca1219b6",16
"1568","8482e6a680b1fc5cdcc37da236ecfd86",16
"1569","897513cfcf65ff6d9f51e3b8a5dfcdb7",16
"1570","8a40230051d7125d2e6e76e9968f945f",16
"1571","8d180616f2b86c7cc93f036fdda62f94",16
"1572","8e0f3309350a2f76dd9e64bb86ae5491",16
"1573","8fdfed098841293945ca0fc4b169bfa7",16
"1574","904876940d548e70de9658ba9332ca37",16
"1575","909068429450ba5baaaa09e8e53d2703",16
"1576","9824891b518f94ef81609428bbeb603e",16
"1577","99c6b6088f9432400a510cdf9cb6570d",16
"1578","9a31ff362bdb1fe8372c51018fcc1d74",16
"1579","a81a92cb20f10e5529366cca258101a7",16
"1580","a8725283b8b6c962f4de06aedcdb8169",16
"1581","aefc6df83fbee96a5df6d7418c052f3b",16
"1582","b22219b08e1af7ccbefcb7985bae829d",16
"1583","b53df6a760ffa11837c70e90041eee2a",16
"1584","b83fcb0ab6da78600dab0d02e897f85f",16
"1585","bbc280f03b8d7d8a739cf06159f054c9",16
"1586","bc1ca450c1d94031263f298200580757",16
"1587","be811285102a5001690bf33d8f907915",16
"1588","c298d935b3cdda69507f2b4953c6beef",16
"1589","c412d082306c88d0fab7db3028ab9027",16
"1590","c6ac49fd2d250a4593c5f948aff3bff0",16
"1591","c78359c4869a35669e9377dc75d62791",16
"1592","c92697a43755b16eba1c7b3b2bfc0cc7",16
"1593","cb6ea4d1ce84190533e240732130087b",16
"1594","cc063ac157763a58e816353b5557e6a6",16
"1595","d08526135a60cb302601a7ded03342f4",16
"1596","d127943159e0c470639f136d22059a04",16
"1597","d33d064dcc07a1f9093220fa20933fb2",16
"1598","df7ffbc920ea30c329c8031ee642962c",16
"1599","e0368a0942295acb5fb7f58398437a5e",16
"1600","e188d5dad3ba9aebb5b8d4c5bfbc33f7",16
"1601","f00ab156c70ea131ba5308c9a7bf30eb",16
"1602","f2e26257b22c2f821e65d7c1640d9f19",16
"1603","f30f831f54a31c39569c95c499d510c6",16
"1604","f3306b27fd3c295efb4fd1978580e818",16
"1605","f75fad302ddc87e7fe415bac7d57cd30",16
"1606","f85c3316dbd5971e92b1d82bb0d4e64d",16
"1607","fa73e4f96a967b283c905a5e5ec137c6",16
"1608","fb989ed33aecb1e0600b26ad929a4b06",16
"1609","fe4b55f8505c4d4dc6f3e64707fa4516",16
"1610","fe4b55f8505c4d4dc6f3e64707fa4516",16
"1611","feb50230bef31ca65e1876d9fe215fd6",16
"1612","004d7719d6c26c11427bb3e89535efab",17
"1613","009408d19e771891fcce817c7c7316db",17
"1614","00d1f63db99df50cb6e61519d2a32f50",17
"1615","00defece7fdb7a55891994903a193734",17
"1616","018140e5ee7827b95ee7b9ac76ab9ae2",17
"1617","01c00b8ad04f55efa35102a1e913d234",17
"1618","02bac9d17475999b1e8cd569255dca67",17
"1619","02bac9d17475999b1e8cd569255dca67",17
"1620","02f4feb0143d7e70b119abdbdb6a6758",17
"1621","0342980e48fbffd359a20628d9450485",17
"1622","0342980e48fbffd359a20628d9450485",17
"1623","03e4a6dde7176e5c9f4fd24941db7652",17
"1624","04b753487d64d031f9aee7ce5befed51",17
"1625","04c57f6f2e4df1bb8aecd8022b77a04d",17
"1626","060b36638e4483cba76f2808d449919a",17
"1627","065b94a23d80f4253f10e7f437e2a938",17
"1628","0706f7ce87c41745bfc91ccdae504a2d",17
"1629","082e9613048ae217738fe65bf7bbceb9",17
"1630","18e93d6bbaace3cdb08f210c2e20ab55",17
"1631","1a93663faa4b02d59c40f839d323648d",17
"1632","1bbfb4a2e6287262ba5bfa7c5f275fe1",17
"1633","1bbfb4a2e6287262ba5bfa7c5f275fe1",17
"1634","1ca7b29c9b1b93e03b31fba69ed9f4a5",17
"1635","1daecd588ace044156e92e055f44126e",17
"1636","1edda33e74fb408587cb75092db9c826",17
"1637","22a8c8ad7fca121559996cf5be31d969",17
"1638","22bc84c637e02ea9eb996181bf505b3e",17
"1639","26443f27488420a4af1a208fd73f5bbd",17
"1640","26443f27488420a4af1a208fd73f5bbd",17
"1641","286f12aa673630b72f027f7fe247f721",17
"1642","29eff581258b80edb918583680aba4f0",17
"1643","2d7e4fc2800638a6df49715d80c51860",17
"1644","2d7e4fc2800638a6df49715d80c51860",17
"1645","2e15e98e0cd6e9bd8088c06063ae66d6",17
"1646","3858885da364e209438596812a89ae4f",17
"1647","3a629c9297c945d4187f08ee281c6475",17
"1648","40885ff87e8ffd2e245e7cd6ee5a179c",17
"1649","40c1e663bf9eafcd5f47c74f01059e99",17
"1650","43d82531e93637ae336b46c58cfcb026",17
"1651","4efe676a22c7c8b91cc45d3403290313",17
"1652","4f3f5d89b1546a53f225af0fa071dc28",17
"1653","4fe1800ab78889d52a174e39b03e8f82",17
"1654","552cabc214cd1694a4e2bcf9e53e320b",17
"1655","5813e579def72bd9cb026d1271e4ad9e",17
"1656","587d2c3437cf5dd56dcf301b5246d2ee",17
"1657","587d2c3437cf5dd56dcf301b5246d2ee",17
"1658","5e5dbac2056edc34caa6e204bbe0d5b4",17
"1659","605d237deafbadf27e954abd4754320e",17
"1660","6115053d50939c957db047657c98311c",17
"1661","642bba736a727f46e499fee8ef9a95cd",17
"1662","655e9ad47325067ae4487b9347774527",17
"1663","67b7a262b7baf4b024eb0798df13f68f",17
"1664","693d90b8de8af9a2e02231644a613426",17
"1665","69b9b9ed677e2a780b473808670fbb03",17
"1666","69b9b9ed677e2a780b473808670fbb03",17
"1667","6ce24f152679d754070b98a6e68b0816",17
"1668","6da8eaad0746d3238a7bbaf8c1743efb",17
"1669","6e2e95032e9349d8e0e89ae58e1e1f2b",17
"1670","72193d1e0b284fdc7672520feefe490e",17
"1671","73f015cb5eeb37a0cda89d82ec481729",17
"1672","7f0f4057da4f1ac3ac1cc53d7c9d0d8b",17
"1673","856de84a5d4897b3ea52f105cb668edc",17
"1674","85c3b72aeb7dac86b9d06614abc02e01",17
"1675","85c3b72aeb7dac86b9d06614abc02e01",17
"1676","8825b99572daacb64c87ee7526df3666",17
"1677","8d663f2f8836003e9e59158d4b98d2ab",17
"1678","8e341dd5fadcc8e5b7a16ec451693358",17
"1679","9234e72011b4d85087f8cff80ae0645b",17
"1680","92bb00d46e987690a116b89d993b8f0a",17
"1681","95034907d6a34f440af3bc94d53616c9",17
"1682","97ccf5345388dc394c601bf6a0dae110",17
"1683","99e9feacfccae32759999fc34e54dfde",17
"1684","9b93f14a7860f878ece456a4d6e53656",17
"1685","9cd5d99078edee795d3fdf0d3db91b76",17
"1686","a09de162ef33c868b943d5a8fa2343b3",17
"1687","a09de162ef33c868b943d5a8fa2343b3",17
"1688","a0aa9ee0af0fcbc1161c26d11abe343d",17
"1689","a1f114a34a446f7afbfc933748a634a8",17
"1690","a33ed0dba09a2ffca4f24943e4fff696",17
"1691","a41c5511205aa6919bd9e6c0135c0e19",17
"1692","a5ae8214adbbcb49b5e2faaee0d2fb52",17
"1693","a5b0f691bf38ae1ba9b11ce474551016",17
"1694","ab2c7068988202411d5b93c93571c595",17
"1695","ad9ed17a58ac2d6a4d13b3bafcca8177",17
"1696","ae3d99dad941bde5e3b0473fe5645ee0",17
"1697","b0f4c53b6db0d9aebce608b2684ef22a",17
"1698","b229680228472a4134aba057b2269b1e",17
"1699","b56e57501cd56ce5d7ebf243cc31fd86",17
"1700","c02df91bb234ddf0221d5e63518ddff9",17
"1701","c0e623b99899a1d8f19efca591f9846a",17
"1702","c143c038ae310e7c5d15d9f7d7cfbce1",17
"1703","c5a7e8fe3a9b142703dfa88c1594449f",17
"1704","c6c157e0d9e70b30426c105a02ecb05a",17
"1705","c9ba891fc2360ed296043c2ccee4bf09",17
"1706","d02e6530cd8f1e22d6c333c1d3602a03",17
"1707","daed8f635ad6c363df5ffa2916ea6bdb",17
"1708","dc3b6d73253284451159a5e80f17f10d",17
"1709","e23166ef18177d6a5d49e38af6c75352",17
"1710","e4cf1adbdcd9214fac33eb65e49e93a3",17
"1711","e531eef8faee34e7dde0dc1fc64b386f",17
"1712","edb3e38847428a4f7892de106059e067",17
"1713","f0abe1e91ba984d37c603966e03812a2",17
"1714","f0c1384ff90f3bc51455ea552d5f4a43",17
"1715","f0c5452598d074dc58c64a0551cfdad0",17
"1716","f51174ff1171dba727ff6d42c81200f2",17
"1717","f931e5cb5f515c9e08fe7f43427333f6",17
"1718","f931e5cb5f515c9e08fe7f43427333f6",17
"1719","fb8ebc8b40293435f1f98c4b0c21c2a8",17
"1720","fe4b55f8505c4d4dc6f3e64707fa4516",17
"1721","fe4b55f8505c4d4dc6f3e64707fa4516",17
"1722","ffc3e1ce7edcb4c067f2a2471fd34c7b",17
